company_name,phone,email,address,website,source_url,source_type,source_trust_score,record_score,type_mismatch_flags,scraped_at
Thoraipakkam Chennai,+91 91086 02000,,"Thoraipakkam Chennai 4.9 Projects Completed - 3600+ Anna Nagar Chennai 4.9 Projects Completed - 3500+ 4.9 Thoraipakkam Chennai 4th Floor, 3, Rajiv Gandhi Salai, Annai Indira Nagar,",,https://www.decorpot.com/interior-designers-in-chennai,official,0.92,0.88,,2026-04-06T01:29:07.423772
Anna Nagar Chennai,+91 91086 02000,,"4.9 Anna Nagar Chennai G + 1st Floor, 114/82, 3rd Ave, Kumaran Nagar, Shanthi Colony, Anna Nagar, Chennai, Tamil Nadu 600102 +91 91086 02000 Mon-Sun: 10:00 AM - 9:00 PM Specialties",,https://www.decorpot.com/interior-designers-in-chennai,official,0.92,0.88,,2026-04-06T01:29:07.423772
Get Free Quote,,,Get Free Quote,,https://www.decorpot.com/interior-designers-in-chennai,official,0.92,0.82,,2026-04-06T01:29:07.423772
Best Interior Designers in Chennai,,,"Best Interior Designers in Chennai Bringing dreams to life with end-to-end interior solutions, from design to delivery, if someone is looking for best interior designers near me in",,https://www.decorpot.com/interior-designers-in-chennai,official,0.92,0.82,,2026-04-06T01:29:07.423772
Interior Designers in Chennai,,,Interior Designers in Chennai,,https://www.decorpot.com/interior-designers-in-chennai,official,0.92,0.82,,2026-04-06T01:29:07.423772
Who Are We?,,,"Who Are We? Designing homes that breathe life, colour, and comfort, that’s what Decorpot has been known for by the people living in Chennai. With a strong legacy of transforming ho",,https://www.decorpot.com/interior-designers-in-chennai,official,0.92,0.82,,2026-04-06T01:29:07.423772
"10,000+ Homes Delivered A legacy of trust and craftsmanship 500+ In-Ho",,,"10,000+ Homes Delivered A legacy of trust and craftsmanship 500+ In-House Experts Designers, architects & project managers under one roof 10+ Years of Warranty Long-term assurance",,https://www.decorpot.com/interior-designers-in-chennai,official,0.92,0.82,,2026-04-06T01:29:07.423772
Modular Kitchen Interior Designs in Chennai,,,"Modular Kitchen Interior Designs in Chennai Custom-designed modular kitchens that combine clever storage, durable materials, and timeless appeal for everyday ease. German Hardware",,https://www.decorpot.com/interior-designers-in-chennai,official,0.92,0.82,,2026-04-06T01:29:07.423772
Complete Home Interiors in Chennai,,,Complete Home Interiors in Chennai Beautifully designed home interiors that reflect your style and support your lifestyle - from layout to finishing touches 3D Design Visualization,,https://www.decorpot.com/interior-designers-in-chennai,official,0.92,0.82,,2026-04-06T01:29:07.423772
Bedroom Interior Designs in Chennai,,,"Bedroom Interior Designs in Chennai Thoughtfully designed bedrooms that balance comfort, style, and smart use of space for true relaxation. Walk-in Wardrobes Spacious wardrobes des",,https://www.decorpot.com/interior-designers-in-chennai,official,0.92,0.82,,2026-04-06T01:29:07.423772
Living Room Interior Designs in Chennai,,,"Living Room Interior Designs in Chennai Elegantly designed living spaces that bring people together - perfect for relaxing, entertaining, and everything in between. Entertainment U",,https://www.decorpot.com/interior-designers-in-chennai,official,0.92,0.82,,2026-04-06T01:29:07.423772
TV Unit Designs in Chennai,,,TV Unit Designs in Chennai Functionally designed TV units that keep your entertainment area organized while enhancing your interiors. Wall-mounted & Floating Units Space-saving TV,,https://www.decorpot.com/interior-designers-in-chennai,official,0.92,0.82,,2026-04-06T01:29:07.423772
Pooja Room Interior Designs in Chennai,,,Pooja Room Interior Designs in Chennai Gracefully designed pooja units that blend tradition with modern aesthetics for a serene home corner. CNC Jaali Partitions Intricately carved,,https://www.decorpot.com/interior-designers-in-chennai,official,0.92,0.82,,2026-04-06T01:29:07.423772
Dining Area Designs in Chennai,,,"Dining Area Designs in Chennai Warm, inviting dining areas designed for comfort, conversations, and memorable meals. Space-efficient Layouts Dining spaces designed to fit seamlessl",,https://www.decorpot.com/interior-designers-in-chennai,official,0.92,0.82,,2026-04-06T01:29:07.423772
"Anna Nagar,Chennai Type: Apartment Area: 2100 sq ft",,,"Anna Nagar,Chennai Type: Apartment Area: 2100 sq ft",,https://www.decorpot.com/interior-designers-in-chennai,official,0.92,0.82,,2026-04-06T01:29:07.423772
Type: Apartment,,,Type: Apartment,,https://www.decorpot.com/interior-designers-in-chennai,official,0.92,0.82,,2026-04-06T01:29:07.423772
Area: 2100 sq ft,,,Area: 2100 sq ft,,https://www.decorpot.com/interior-designers-in-chennai,official,0.92,0.82,,2026-04-06T01:29:07.423772
"Anna Nagar,Chennai Type: Apartment Area: 1900 sq ft",,,"Anna Nagar,Chennai Type: Apartment Area: 1900 sq ft",,https://www.decorpot.com/interior-designers-in-chennai,official,0.92,0.82,,2026-04-06T01:29:07.423772
Area: 1900 sq ft,,,Area: 1900 sq ft,,https://www.decorpot.com/interior-designers-in-chennai,official,0.92,0.82,,2026-04-06T01:29:07.423772
"Anna Nagar,Chennai Type: Villa Area: 2300 sq ft",,,"Anna Nagar,Chennai Type: Villa Area: 2300 sq ft",,https://www.decorpot.com/interior-designers-in-chennai,official,0.92,0.82,,2026-04-06T01:29:07.423772
Type: Villa,,,Type: Villa,,https://www.decorpot.com/interior-designers-in-chennai,official,0.92,0.82,,2026-04-06T01:29:07.423772
Area: 2300 sq ft,,,Area: 2300 sq ft,,https://www.decorpot.com/interior-designers-in-chennai,official,0.92,0.82,,2026-04-06T01:29:07.423772
"Thoraipakkam,Chennai Type: Apartment Area: 1700 sq ft",,,"Thoraipakkam,Chennai Type: Apartment Area: 1700 sq ft",,https://www.decorpot.com/interior-designers-in-chennai,official,0.92,0.82,,2026-04-06T01:29:07.423772
Area: 1700 sq ft,,,Area: 1700 sq ft,,https://www.decorpot.com/interior-designers-in-chennai,official,0.92,0.82,,2026-04-06T01:29:07.423772
"Thoraipakkam,Chennai Type: Apartment Area: 1200 sq ft",,,"Thoraipakkam,Chennai Type: Apartment Area: 1200 sq ft",,https://www.decorpot.com/interior-designers-in-chennai,official,0.92,0.82,,2026-04-06T01:29:07.423772
Area: 1200 sq ft,,,Area: 1200 sq ft,,https://www.decorpot.com/interior-designers-in-chennai,official,0.92,0.82,,2026-04-06T01:29:07.423772
"Thoraipakkam,Chennai Type: Apartment Area: 1600 sq ft",,,"Thoraipakkam,Chennai Type: Apartment Area: 1600 sq ft",,https://www.decorpot.com/interior-designers-in-chennai,official,0.92,0.82,,2026-04-06T01:29:07.423772
Area: 1600 sq ft,,,Area: 1600 sq ft,,https://www.decorpot.com/interior-designers-in-chennai,official,0.92,0.82,,2026-04-06T01:29:07.423772
"Thoraipakkam,Chennai Type: Apartment Area: 1900 sq ft",,,"Thoraipakkam,Chennai Type: Apartment Area: 1900 sq ft",,https://www.decorpot.com/interior-designers-in-chennai,official,0.92,0.82,,2026-04-06T01:29:07.423772
"Thoraipakkam,Chennai Type: Villa Area: 2300 sq ft",,,"Thoraipakkam,Chennai Type: Villa Area: 2300 sq ft",,https://www.decorpot.com/interior-designers-in-chennai,official,0.92,0.82,,2026-04-06T01:29:07.423772
"Anna Nagar,Chennai Type: Apartment Area: 1200 sq ft",,,"Anna Nagar,Chennai Type: Apartment Area: 1200 sq ft",,https://www.decorpot.com/interior-designers-in-chennai,official,0.92,0.82,,2026-04-06T01:29:07.423772
"Anna Nagar,Chennai Type: Apartment Area: 1600 sq ft",,,"Anna Nagar,Chennai Type: Apartment Area: 1600 sq ft",,https://www.decorpot.com/interior-designers-in-chennai,official,0.92,0.82,,2026-04-06T01:29:07.423772
Why Do Homeowners in Chennai Choose Decorpot for Home Interior Designing?,,,Why Do Homeowners in Chennai Choose Decorpot for Home Interior Designing? Choosing the right interior design company in Chennai can truly shape how your home feels and functions. W,,https://www.decorpot.com/interior-designers-in-chennai,official,0.92,0.82,,2026-04-06T01:29:07.423772
Award Winning Recognized as Chennai's leading interior design firm for,,,Award Winning Recognized as Chennai's leading interior design firm for 3 consecutive years Expert Local Team 50+ certified interior designers with deep knowledge of Chennai's archi,,https://www.decorpot.com/interior-designers-in-chennai,official,0.92,0.82,,2026-04-06T01:29:07.423772
Expert Local Team 50+ certified interior designers with deep knowledge,,,"Expert Local Team 50+ certified interior designers with deep knowledge of Chennai's architecture, trends, and lifestyle needs.",,https://www.decorpot.com/interior-designers-in-chennai,official,0.92,0.82,,2026-04-06T01:29:07.423772
Quality Assured 10-year warranty on all materials and workmanship for,,,Quality Assured 10-year warranty on all materials and workmanship for lasting peace of mind.,,https://www.decorpot.com/interior-designers-in-chennai,official,0.92,0.82,,2026-04-06T01:29:07.423772
Timely Delivery Interiors completed within 45 days* and 99% delivered,,,Timely Delivery Interiors completed within 45 days* and 99% delivered on schedule across Chennai.,,https://www.decorpot.com/interior-designers-in-chennai,official,0.92,0.82,,2026-04-06T01:29:07.423772
Multiple Locations Visit us at any of our 5 experience centres in Chen,,,Multiple Locations Visit us at any of our 5 experience centres in Chennai and connect with the one closest to you,,https://www.decorpot.com/interior-designers-in-chennai,official,0.92,0.82,,2026-04-06T01:29:07.423772
"Seamless Support From concept to completion and beyond, we ensure you",,,"Seamless Support From concept to completion and beyond, we ensure you always have expert help.",,https://www.decorpot.com/interior-designers-in-chennai,official,0.92,0.82,,2026-04-06T01:29:07.423772
Thoraipakkam Chennai 4.9 Projects Completed - 3600+,,,Thoraipakkam Chennai 4.9 Projects Completed - 3600+,,https://www.decorpot.com/interior-designers-in-chennai,official,0.92,0.82,,2026-04-06T01:29:07.423772
Anna Nagar Chennai 4.9 Projects Completed - 3500+,,,Anna Nagar Chennai 4.9 Projects Completed - 3500+,,https://www.decorpot.com/interior-designers-in-chennai,official,0.92,0.82,,2026-04-06T01:29:07.423772
"Our home beautifully reflects our individuality, with each room showca",,,"Our home beautifully reflects our individuality, with each room showcasing its own unique and exquisite design. The quality of furnishings is unmatched, thanks to the outstanding s",,https://www.decorpot.com/interior-designers-in-chennai,official,0.92,0.82,,2026-04-06T01:29:07.423772
Vinay Verma,,,Vinay Verma,,https://www.decorpot.com/interior-designers-in-chennai,official,0.92,0.82,,2026-04-06T01:29:07.423772
Our experience with Decorpot Interiors was exceptional from start to f,,,Our experience with Decorpot Interiors was exceptional from start to finish. They understood our vision and delivered a creative and stunning design. We are delighted with the resu,,https://www.decorpot.com/interior-designers-in-chennai,official,0.92,0.82,,2026-04-06T01:29:07.423772
Deepthana Narayan,,,Deepthana Narayan,,https://www.decorpot.com/interior-designers-in-chennai,official,0.92,0.82,,2026-04-06T01:29:07.423772
Value for money and exceptional quality. Our villa's interiors are stu,,,"Value for money and exceptional quality. Our villa's interiors are stunning, thanks to Decorpot's designer and team. People keep on asking about our interiors, and we are glad enou",,https://www.decorpot.com/interior-designers-in-chennai,official,0.92,0.82,,2026-04-06T01:29:07.423772
Lavanya Kumar,,,Lavanya Kumar,,https://www.decorpot.com/interior-designers-in-chennai,official,0.92,0.82,,2026-04-06T01:29:07.423772
"Our Project Manager, Manish, and our designer at Decorpot were invalua",,,"Our Project Manager, Manish, and our designer at Decorpot were invaluable, guiding us through every detail. What impressed us was that we managed to stay comfortably within our bud",,https://www.decorpot.com/interior-designers-in-chennai,official,0.92,0.82,,2026-04-06T01:29:07.423772
Swetha Reddy,,,Swetha Reddy,,https://www.decorpot.com/interior-designers-in-chennai,official,0.92,0.82,,2026-04-06T01:29:07.423772
Why hire a professional interior designer or interior decorator in Chennai?,,,Why hire a professional interior designer or interior decorator in Chennai? A professional designer ensures that your space is both functional and aesthetically pleasing. With expe,,https://www.decorpot.com/interior-designers-in-chennai,official,0.92,0.82,,2026-04-06T01:29:07.423772
What are some budget-friendly interior design ideas for Chennai homes?,,,What are some budget-friendly interior design ideas for Chennai homes? You can make a big impact with minimal investment with the help of top interiors in Chennai by focusing on la,,https://www.decorpot.com/interior-designers-in-chennai,official,0.92,0.82,,2026-04-06T01:29:07.423772
What services do you offer for home interior designs in Chennai?,,,"What services do you offer for home interior designs in Chennai? We offer a complete range of services, including bedroom interior designs, modular kitchen designs, living room int",,https://www.decorpot.com/interior-designers-in-chennai,official,0.92,0.82,,2026-04-06T01:29:07.423772
How can anyone schedule a meeting with Decorpot's designers in Chennai?,,,How can anyone schedule a meeting with Decorpot's designers in Chennai? Scheduling a consultation is simple. Just reach out to us through our website or contact our office directly,,https://www.decorpot.com/interior-designers-in-chennai,official,0.92,0.82,,2026-04-06T01:29:07.423772
Can Decorpot team handle residential projects of any scale in Chennai?,,,"Can Decorpot team handle residential projects of any scale in Chennai? Yes, our team is equipped to handle projects of all sizes. Whether you need luxury interior design for flats,",,https://www.decorpot.com/interior-designers-in-chennai,official,0.92,0.82,,2026-04-06T01:29:07.423772
How can I choose the right interior design company in Chennai?,,,"How can I choose the right interior design company in Chennai? Finding out the finest interior decorators in Chennai is quite an easy process, look out for their portfolios, social",,https://www.decorpot.com/interior-designers-in-chennai,official,0.92,0.82,,2026-04-06T01:29:07.423772
What is the current trending interior designs in Chennai?,,,"What is the current trending interior designs in Chennai? Some prominent trends among the people of Chennai are contemporary, minimalistic, coastal and classic traditional design a",,https://www.decorpot.com/interior-designers-in-chennai,official,0.92,0.82,,2026-04-06T01:29:07.423772
Will the designers offer 3D Visualization?,,,"Will the designers offer 3D Visualization? Yes, many of the best interior design firms offer, mainly we offer to make the people of Chennai feel their dream homes visually before g",,https://www.decorpot.com/interior-designers-in-chennai,official,0.92,0.82,,2026-04-06T01:29:07.423772
What will be the process of interior design services in Chennai?,,,"What will be the process of interior design services in Chennai? Initially begins with the consultation process, measuring and designing, then 3D visualization and later to the ins",,https://www.decorpot.com/interior-designers-in-chennai,official,0.92,0.82,,2026-04-06T01:29:07.423772
Do the interior designers in Chennai offer recommendations on sofa?,,,"Do the interior designers in Chennai offer recommendations on sofa? Of course, they will! Sofas that match your theme and concept of the home design will assist you with the furnit",,https://www.decorpot.com/interior-designers-in-chennai,official,0.92,0.82,,2026-04-06T01:29:07.423772
What is the cost of an interior designer in Chennai?,,,"What is the cost of an interior designer in Chennai? The cost varies according to the style you opt for, in common it is from Rs 500 to Rs 2000+ per sq.ft will be the cost, says ou",,https://www.decorpot.com/interior-designers-in-chennai,official,0.92,0.82,,2026-04-06T01:29:07.423772
Are there any tips to make my home look more spacious?,,,"Are there any tips to make my home look more spacious? Yes, here you go! Go for multifunctional furniture and neutral color for your home to look more spacious, cool and comfortabl",,https://www.decorpot.com/interior-designers-in-chennai,official,0.92,0.82,,2026-04-06T01:29:07.423772
Is there any possibilities I can infuse my Tamil based traditionals while doing interior designing?,,,"Is there any possibilities I can infuse my Tamil based traditionals while doing interior designing? Kolams are a way more traditional one, based on your theme, you draw it in walls",,https://www.decorpot.com/interior-designers-in-chennai,official,0.92,0.82,,2026-04-06T01:29:07.423772
Can I stay within my budget while designing with premium interior designs in Chennai?,,,"Can I stay within my budget while designing with premium interior designs in Chennai? Yes, you can with the help of our expertise interior designers, asking them to go for a cost e",,https://www.decorpot.com/interior-designers-in-chennai,official,0.92,0.82,,2026-04-06T01:29:07.423772
Is online consultation available in Decorpot?,,,"Is online consultation available in Decorpot? Yes, interior decorators at Chennai do offer online consultation, based on your requirement you can choose the online and offline cons",,https://www.decorpot.com/interior-designers-in-chennai,official,0.92,0.82,,2026-04-06T01:29:07.423772
Does doing design affect my daily routine of going to work?,,,"Does doing design affect my daily routine of going to work? No, coz our expertised designer will be always available on the spot to make sure that nothing goes out of the box. So y",,https://www.decorpot.com/interior-designers-in-chennai,official,0.92,0.82,,2026-04-06T01:29:07.423772
Is modular kitchen being the topmost in Chennai?,,,"Is modular kitchen being the topmost in Chennai? Definitely it is, most of the home going crazy for their modular kitchen. This type of kitchen also enhances the work flow, says ou",,https://www.decorpot.com/interior-designers-in-chennai,official,0.92,0.82,,2026-04-06T01:29:07.423772
Do interior designers have Vastu knowledge?,,,"Do interior designers have Vastu knowledge? Yes, our famous interior designers in chennai will assist you with the placement of the pooja room, kitchen and everything as per the Va",,https://www.decorpot.com/interior-designers-in-chennai,official,0.92,0.82,,2026-04-06T01:29:07.423772
How much time will it take for an interior designer to design?,,,"How much time will it take for an interior designer to design? In common it will be taking around 45-60 days, but based on the property's size the time can be extended.",,https://www.decorpot.com/interior-designers-in-chennai,official,0.92,0.82,,2026-04-06T01:29:07.423772
How can I find reliable interior designers in Chennai near me?,,,"How can I find reliable interior designers in Chennai near me? You can search local home and interior decor services on several online platforms such as Google Maps, Justdial and H",,https://www.decorpot.com/interior-designers-in-chennai,official,0.92,0.82,,2026-04-06T01:29:07.423772
"Functional Beauty, Crafted for You Our interior designers in Chennai b",,,"Functional Beauty, Crafted for You Our interior designers in Chennai balance creativity with practicality. From compact apartments to spacious villas, every design detail is shaped",,https://www.decorpot.com/interior-designers-in-chennai,official,0.92,0.82,,2026-04-06T01:29:07.423772
Designed Around Your Lifestyle Whether you prefer minimal elegance or,,,"Designed Around Your Lifestyle Whether you prefer minimal elegance or bold modern aesthetics, our home interior designers in Chennai customize every corner, from modular kitchens t",,https://www.decorpot.com/interior-designers-in-chennai,official,0.92,0.82,,2026-04-06T01:29:07.423772
"Smarter Space Planning With years of on-ground experience, our experts",,,"Smarter Space Planning With years of on-ground experience, our experts ensure that every inch of your home is planned for maximum efficiency and flow, without compromising on style",,https://www.decorpot.com/interior-designers-in-chennai,official,0.92,0.82,,2026-04-06T01:29:07.423772
"Materials That Endure We use top-quality BWP and BWR plywood, ensuring",,,"Materials That Endure We use top-quality BWP and BWR plywood, ensuring interiors that stand the test of time. Every piece is built at our own manufacturing unit for unmatched consi",,https://www.decorpot.com/interior-designers-in-chennai,official,0.92,0.82,,2026-04-06T01:29:07.423772
End-to-End Interior Solutions From design visualization to execution,,,"End-to-End Interior Solutions From design visualization to execution, our interior design company in Chennai handles everything under one roof, no middlemen, no delays.",,https://www.decorpot.com/interior-designers-in-chennai,official,0.92,0.82,,2026-04-06T01:29:07.423772
Adds More Than Just Beauty A Decorpot-designed home doesn’t just look,,,"Adds More Than Just Beauty A Decorpot-designed home doesn’t just look stunning, it also enhances your property’s long-term value and livability.",,https://www.decorpot.com/interior-designers-in-chennai,official,0.92,0.82,,2026-04-06T01:29:07.423772
"Flat Interior Designs in Chennai Thoughtful layouts, ample storage, an",,,"Flat Interior Designs in Chennai Thoughtful layouts, ample storage, and refined aesthetics make our flat interiors in Chennai both practical and sophisticated, designed to maximize",,https://www.decorpot.com/interior-designers-in-chennai,official,0.92,0.82,,2026-04-06T01:29:07.423772
"Living Room Interior Designs in Chennai Stylish, comfortable, and vers",,,"Living Room Interior Designs in Chennai Stylish, comfortable, and versatile, our living room interior designs in Chennai create the perfect space for family time or entertainment,",,https://www.decorpot.com/interior-designers-in-chennai,official,0.92,0.82,,2026-04-06T01:29:07.423772
Kitchen Designs in Chennai Our modular kitchen designs in Chennai comb,,,"Kitchen Designs in Chennai Our modular kitchen designs in Chennai combine functionality with flair, featuring high-quality materials, ergonomic layouts, and durable finishes for ef",,https://www.decorpot.com/interior-designers-in-chennai,official,0.92,0.82,,2026-04-06T01:29:07.423772
"Children’s Room Designs in Chennai Colorful, inspiring, and safe, our",,,"Children’s Room Designs in Chennai Colorful, inspiring, and safe, our kids’ room interiors in Chennai are designed to spark creativity while adapting to your child’s growth and int",,https://www.decorpot.com/interior-designers-in-chennai,official,0.92,0.82,,2026-04-06T01:29:07.423772
Bedroom Interior Designs in Chennai From soothing tones to smart wardr,,,"Bedroom Interior Designs in Chennai From soothing tones to smart wardrobes, our bedroom interiors in Chennai offer the ideal mix of comfort and organization, your sanctuary, redefi",,https://www.decorpot.com/interior-designers-in-chennai,official,0.92,0.82,,2026-04-06T01:29:07.423772
Flat Interior Designs in Chennai Smart space planning and storage solu,,,Flat Interior Designs in Chennai Smart space planning and storage solutions that make flats both functional and stylish — delivered by top interior designers in Hyderabad.,,https://www.decorpot.com/interior-designers-in-chennai,official,0.92,0.82,,2026-04-06T01:29:07.423772
Living Room Interior Designs in Chennai Modern and comfortable living,,,"Living Room Interior Designs in Chennai Modern and comfortable living rooms designed by expert interior designers in Chennai for family gatherings and celebrations, showcasing your",,https://www.decorpot.com/interior-designers-in-chennai,official,0.92,0.82,,2026-04-06T01:29:07.423772
Kitchen Designs in Chennai Custom-made kitchens in Chennai with smart,,,"Kitchen Designs in Chennai Custom-made kitchens in Chennai with smart fittings, unique designs, and easy-to-maintain surfaces for everyday culinary adventures.",,https://www.decorpot.com/interior-designers-in-chennai,official,0.92,0.82,,2026-04-06T01:29:07.423772
"1. Friendly Consultation We begin with a free, no-obligation consultat",,,"1. Friendly Consultation We begin with a free, no-obligation consultation. You share your vision, and our best designers recommend styles, layouts, and concepts tailored to your vi",,https://www.decorpot.com/interior-designers-in-chennai,official,0.92,0.82,,2026-04-06T01:29:07.423772
"2. Creative Concept Building Based on your lifestyle, budget, and visi",,,"2. Creative Concept Building Based on your lifestyle, budget, and vision, our interior designers create a design concept. Every material, finish, and layout is chosen with your com",,https://www.decorpot.com/interior-designers-in-chennai,official,0.92,0.82,,2026-04-06T01:29:07.423772
3. 3D Visualisation Visualize your future home with stunning 3D render,,,"3. 3D Visualisation Visualize your future home with stunning 3D renders. From a modular kitchen to a living room, dining area, and bedroom layouts — before work begins!",,https://www.decorpot.com/interior-designers-in-chennai,official,0.92,0.82,,2026-04-06T01:29:07.423772
4. Installation & Detailing Our professional interior designers in Che,,,"4. Installation & Detailing Our professional interior designers in Chennai manage every step—from site supervision to flawless installation of TV Units, pooja units, and dining are",,https://www.decorpot.com/interior-designers-in-chennai,official,0.92,0.82,,2026-04-06T01:29:07.423772
5. Final Checks & Handover We conduct a final quality check to ensure,,,"5. Final Checks & Handover We conduct a final quality check to ensure durability, functionality, and style. Your beautiful, finished home is now ready to enjoy.",,https://www.decorpot.com/interior-designers-in-chennai,official,0.92,0.82,,2026-04-06T01:29:07.423772
"Get your quick, tailored estimate for your Chennai home.",,,"Get your quick, tailored estimate for your Chennai home. Get Free Quote",,https://www.decorpot.com/interior-designers-in-chennai,official,0.92,0.82,,2026-04-06T01:29:07.423772
Portfolio,,,Portfolio,https://www.decorpot.com/portfolios,https://www.decorpot.com/interior-designers-in-chennai,official,0.92,0.78,,2026-04-06T01:29:07.423772
About Us,,,About Us,https://www.decorpot.com/about-us,https://www.decorpot.com/interior-designers-in-chennai,official,0.92,0.78,,2026-04-06T01:29:07.423772
Apartment Design Solutions in Chennai,,,Apartment Design Solutions in Chennai,https://www.decorpot.com/apartment-interior-designers-in-chennai,https://www.decorpot.com/interior-designers-in-chennai,official,0.92,0.78,,2026-04-06T01:29:07.423772
Living Room Design Solutions in Chennai,,,Living Room Design Solutions in Chennai,https://www.decorpot.com/living-room-interior-designers-in-chennai,https://www.decorpot.com/interior-designers-in-chennai,official,0.92,0.78,,2026-04-06T01:29:07.423772
Master Bedroom Design Solutions in Chennai,,,Master Bedroom Design Solutions in Chennai,https://www.decorpot.com/master-bedroom-interior-designers-in-chennai,https://www.decorpot.com/interior-designers-in-chennai,official,0.92,0.78,,2026-04-06T01:29:07.423772
Bedroom Design Solutions in Chennai,,,Bedroom Design Solutions in Chennai,https://www.decorpot.com/bedroom-interior-designers-in-chennai,https://www.decorpot.com/interior-designers-in-chennai,official,0.92,0.78,,2026-04-06T01:29:07.423772
Kids Room Design Solutions in Chennai,,,Kids Room Design Solutions in Chennai,https://www.decorpot.com/childrens-room-interior-designers-in-chennai,https://www.decorpot.com/interior-designers-in-chennai,official,0.92,0.78,,2026-04-06T01:29:07.423772
Parents Room Design Solutions in Chennai,,,Parents Room Design Solutions in Chennai,https://www.decorpot.com/parents-room-interior-designers-in-chennai,https://www.decorpot.com/interior-designers-in-chennai,official,0.92,0.78,,2026-04-06T01:29:07.423772
Room Design Solutions in Chennai,,,Room Design Solutions in Chennai,https://www.decorpot.com/room-interior-designers-in-chennai,https://www.decorpot.com/interior-designers-in-chennai,official,0.92,0.78,,2026-04-06T01:29:07.423772
Study Room Design Solutions in Chennai,,,Study Room Design Solutions in Chennai,https://www.decorpot.com/study-room-interior-designers-in-chennai,https://www.decorpot.com/interior-designers-in-chennai,official,0.92,0.78,,2026-04-06T01:29:07.423772
Guest Bedroom Design Solutions in Chennai,,,Guest Bedroom Design Solutions in Chennai,https://www.decorpot.com/guest-bedroom-interior-designers-in-chennai,https://www.decorpot.com/interior-designers-in-chennai,official,0.92,0.78,,2026-04-06T01:29:07.423772
Pooja Room Design Solutions in Chennai,,,Pooja Room Design Solutions in Chennai,https://www.decorpot.com/pooja-room-interior-designers-in-chennai,https://www.decorpot.com/interior-designers-in-chennai,official,0.92,0.78,,2026-04-06T01:29:07.423772
Villa Design Solutions in Chennai,,,Villa Design Solutions in Chennai,https://www.decorpot.com/villa-interior-designers-in-chennai,https://www.decorpot.com/interior-designers-in-chennai,official,0.92,0.78,,2026-04-06T01:29:07.423772
Kitchen Design Solutions in Chennai,,,Kitchen Design Solutions in Chennai,https://www.decorpot.com/kitchen-interior-designers-in-chennai,https://www.decorpot.com/interior-designers-in-chennai,official,0.92,0.78,,2026-04-06T01:29:07.423772
Modular Kitchen Design Solutions in Chennai,,,Modular Kitchen Design Solutions in Chennai,https://www.decorpot.com/modular-kitchen-interior-designers-in-chennai,https://www.decorpot.com/interior-designers-in-chennai,official,0.92,0.78,,2026-04-06T01:29:07.423772
U Shaped Kitchen Design Solutions in Chennai,,,U Shaped Kitchen Design Solutions in Chennai,https://www.decorpot.com/u-shaped-kitchen-interior-designers-in-chennai,https://www.decorpot.com/interior-designers-in-chennai,official,0.92,0.78,,2026-04-06T01:29:07.423772
L Shaped Kitchen Design Solutions in Chennai,,,L Shaped Kitchen Design Solutions in Chennai,https://www.decorpot.com/l-shaped-kitchen-interior-designers-in-chennai,https://www.decorpot.com/interior-designers-in-chennai,official,0.92,0.78,,2026-04-06T01:29:07.423772
Parallel Kitchen Design Solutions in Chennai,,,Parallel Kitchen Design Solutions in Chennai,https://www.decorpot.com/parallel-kitchen-interior-designers-in-chennai,https://www.decorpot.com/interior-designers-in-chennai,official,0.92,0.78,,2026-04-06T01:29:07.423772
Straight Kitchen Design Solutions in Chennai,,,Straight Kitchen Design Solutions in Chennai,https://www.decorpot.com/straight-kitchen-interior-designers-in-chennai,https://www.decorpot.com/interior-designers-in-chennai,official,0.92,0.78,,2026-04-06T01:29:07.423772
Island Kitchen Design Solutions in Chennai,,,Island Kitchen Design Solutions in Chennai,https://www.decorpot.com/island-kitchen-interior-designers-in-chennai,https://www.decorpot.com/interior-designers-in-chennai,official,0.92,0.78,,2026-04-06T01:29:07.423772
Dining Room Design Solutions in Chennai,,,Dining Room Design Solutions in Chennai,https://www.decorpot.com/dining-room-interior-designers-in-chennai,https://www.decorpot.com/interior-designers-in-chennai,official,0.92,0.78,,2026-04-06T01:29:07.423772
Sliding Wardrobe Design Solutions in Chennai,,,Sliding Wardrobe Design Solutions in Chennai,https://www.decorpot.com/sliding-wardrobe-interior-designers-in-chennai,https://www.decorpot.com/interior-designers-in-chennai,official,0.92,0.78,,2026-04-06T01:29:07.423772
Swing Door Wardrobe Design Solutions in Chennai,,,Swing Door Wardrobe Design Solutions in Chennai,https://www.decorpot.com/swing-door-wardrobe-interior-designers-in-chennai,https://www.decorpot.com/interior-designers-in-chennai,official,0.92,0.78,,2026-04-06T01:29:07.423772
Walk In Wardrobe Design Solutions in Chennai,,,Walk In Wardrobe Design Solutions in Chennai,https://www.decorpot.com/walk-in-wardrobe-interior-designers-in-chennai,https://www.decorpot.com/interior-designers-in-chennai,official,0.92,0.78,,2026-04-06T01:29:07.423772
Foyer Area Design Solutions in Chennai,,,Foyer Area Design Solutions in Chennai,https://www.decorpot.com/foyer-area-interior-designers-in-chennai,https://www.decorpot.com/interior-designers-in-chennai,official,0.92,0.78,,2026-04-06T01:29:07.423772
Apartment Design Solutions in Bangalore,,,Apartment Design Solutions in Bangalore,https://www.decorpot.com/apartment-interior-designers-bangalore,https://www.decorpot.com/interior-designers-in-chennai,official,0.92,0.78,,2026-04-06T01:29:07.423772
Room Design Solutions in Bangalore,,,Room Design Solutions in Bangalore,https://www.decorpot.com/services/rooms-interior-designers-bangalore,https://www.decorpot.com/interior-designers-in-chennai,official,0.92,0.78,,2026-04-06T01:29:07.423772
Villa Design Solutions in Bangalore,,,Villa Design Solutions in Bangalore,https://www.decorpot.com/home-villa-interior-designers-bangalore,https://www.decorpot.com/interior-designers-in-chennai,official,0.92,0.78,,2026-04-06T01:29:07.423772
Kitchen Design Solutions in Bangalore,,,Kitchen Design Solutions in Bangalore,https://www.decorpot.com/services/kitchen-interiors-designers-bangalore,https://www.decorpot.com/interior-designers-in-chennai,official,0.92,0.78,,2026-04-06T01:29:07.423772
Island Kitchen Design Solutions in Bangalore,,,Island Kitchen Design Solutions in Bangalore,https://www.decorpot.com/services/kitchen/island-modular-kitchen-interior-designers-bangalore,https://www.decorpot.com/interior-designers-in-chennai,official,0.92,0.78,,2026-04-06T01:29:07.423772
Living Room Design Solutions in Bangalore,,,Living Room Design Solutions in Bangalore,https://www.decorpot.com/services/living-room-interior-designers-bangalore,https://www.decorpot.com/interior-designers-in-chennai,official,0.92,0.78,,2026-04-06T01:29:07.423772
Master Bedroom Design Solutions in Bangalore,,,Master Bedroom Design Solutions in Bangalore,https://www.decorpot.com/services/rooms/master-bedroom-interior-designers-bangalore,https://www.decorpot.com/interior-designers-in-chennai,official,0.92,0.78,,2026-04-06T01:29:07.423772
Bedroom Design Solutions in Bangalore,,,Bedroom Design Solutions in Bangalore,https://www.decorpot.com/services/rooms/bedroom-interior-designers-bangalore,https://www.decorpot.com/interior-designers-in-chennai,official,0.92,0.78,,2026-04-06T01:29:07.423772
Kids Room Design Solutions in Bangalore,,,Kids Room Design Solutions in Bangalore,https://www.decorpot.com/services/rooms/kids-room-interior-designers-bangalore,https://www.decorpot.com/interior-designers-in-chennai,official,0.92,0.78,,2026-04-06T01:29:07.423772
Parents Room Design Solutions in Bangalore,,,Parents Room Design Solutions in Bangalore,https://www.decorpot.com/services/rooms/parents-room-interior-designers-bangalore,https://www.decorpot.com/interior-designers-in-chennai,official,0.92,0.78,,2026-04-06T01:29:07.423772
Study Room Design Solutions in Bangalore,,,Study Room Design Solutions in Bangalore,https://www.decorpot.com/services/rooms/study-room-interior-designers-bangalore,https://www.decorpot.com/interior-designers-in-chennai,official,0.92,0.78,,2026-04-06T01:29:07.423772
Guest Bedroom Design Solutions in Bangalore,,,Guest Bedroom Design Solutions in Bangalore,https://www.decorpot.com/services/rooms/guest-bedroom-interior-designers-bangalore,https://www.decorpot.com/interior-designers-in-chennai,official,0.92,0.78,,2026-04-06T01:29:07.423772
Pooja Room Design Solutions in Bangalore,,,Pooja Room Design Solutions in Bangalore,https://www.decorpot.com/pooja-room-designers-in-bangalore,https://www.decorpot.com/interior-designers-in-chennai,official,0.92,0.78,,2026-04-06T01:29:07.423772
Modular Kitchen Design Solutions in Bangalore,,,Modular Kitchen Design Solutions in Bangalore,https://www.decorpot.com/services/kitchen/modular-kitchen-interior-designers-bangalore,https://www.decorpot.com/interior-designers-in-chennai,official,0.92,0.78,,2026-04-06T01:29:07.423772
U Shaped Kitchen Design Solutions in Bangalore,,,U Shaped Kitchen Design Solutions in Bangalore,https://www.decorpot.com/services/kitchen/u-shape-modular-kitchen-interior-designers-bangalore,https://www.decorpot.com/interior-designers-in-chennai,official,0.92,0.78,,2026-04-06T01:29:07.423772
L Shaped Kitchen Design Solutions in Bangalore,,,L Shaped Kitchen Design Solutions in Bangalore,https://www.decorpot.com/services/kitchen/l-shape-modular-kitchen-interior-designers-bangalore,https://www.decorpot.com/interior-designers-in-chennai,official,0.92,0.78,,2026-04-06T01:29:07.423772
Straight Kitchen Design Solutions in Bangalore,,,Straight Kitchen Design Solutions in Bangalore,https://www.decorpot.com/services/kitchen/straight-modular-kitchen-interior-designers-bangalore,https://www.decorpot.com/interior-designers-in-chennai,official,0.92,0.78,,2026-04-06T01:29:07.423772
Dining Room Design Solutions in Bangalore,,,Dining Room Design Solutions in Bangalore,https://www.decorpot.com/services/living/dining-room-interiors-designers-bangalore,https://www.decorpot.com/interior-designers-in-chennai,official,0.92,0.78,,2026-04-06T01:29:07.423772
Walk In Wardrobe Design Solutions in Bangalore,,,Walk In Wardrobe Design Solutions in Bangalore,https://www.decorpot.com/services/living/walk-in-wardrobe-interior-designers-bangalore,https://www.decorpot.com/interior-designers-in-chennai,official,0.92,0.78,,2026-04-06T01:29:07.423772
Sliding Wardrobe Design Solutions in Bangalore,,,Sliding Wardrobe Design Solutions in Bangalore,https://www.decorpot.com/services/living/sliding-door-wardrobe-interior-designers-bangalore,https://www.decorpot.com/interior-designers-in-chennai,official,0.92,0.78,,2026-04-06T01:29:07.423772
Swing Door Wardrobe Design Solutions in Bangalore,,,Swing Door Wardrobe Design Solutions in Bangalore,https://www.decorpot.com/services/living/swing-door-wardrobe-interior-designers-bangalore,https://www.decorpot.com/interior-designers-in-chennai,official,0.92,0.78,,2026-04-06T01:29:07.423772
Parallel Kitchen Design Solutions in Bangalore,,,Parallel Kitchen Design Solutions in Bangalore,https://www.decorpot.com/services/kitchen/parallel-modular-kitchen-interior-designers-bangalore,https://www.decorpot.com/interior-designers-in-chennai,official,0.92,0.78,,2026-04-06T01:29:07.423772
Foyer Area Design Solutions in Bangalore,,,Foyer Area Design Solutions in Bangalore,https://www.decorpot.com/services/living/foyer-area-interior-room-designers-bangalore,https://www.decorpot.com/interior-designers-in-chennai,official,0.92,0.78,,2026-04-06T01:29:07.423772
Apartment Interior Designers in Hyderabad,,,Apartment Interior Designers in Hyderabad,https://www.decorpot.com/apartment-interior-designers-in-hyderabad,https://www.decorpot.com/interior-designers-in-chennai,official,0.92,0.78,,2026-04-06T01:29:07.423772
Room Interior Designers in Hyderabad,,,Room Interior Designers in Hyderabad,https://www.decorpot.com/room-interior-designers-in-hyderabad,https://www.decorpot.com/interior-designers-in-chennai,official,0.92,0.78,,2026-04-06T01:29:07.423772
Bedroom Interior Designers in Hyderabad,,,Bedroom Interior Designers in Hyderabad,https://www.decorpot.com/bedroom-interior-designers-in-hyderabad,https://www.decorpot.com/interior-designers-in-chennai,official,0.92,0.78,,2026-04-06T01:29:07.423772
Modular Kitchen Interior Designers in Hyderabad,,,Modular Kitchen Interior Designers in Hyderabad,https://www.decorpot.com/modular-kitchen-interior-designers-in-hyderabad,https://www.decorpot.com/interior-designers-in-chennai,official,0.92,0.78,,2026-04-06T01:29:07.423772
Dining Room Interior Designers in Hyderabad,,,Dining Room Interior Designers in Hyderabad,https://www.decorpot.com/dining-room-interior-designers-in-hyderabad,https://www.decorpot.com/interior-designers-in-chennai,official,0.92,0.78,,2026-04-06T01:29:07.423772
Parents Room Interior Designers in Hyderabad,,,Parents Room Interior Designers in Hyderabad,https://www.decorpot.com/parents-room-interior-designers-in-hyderabad,https://www.decorpot.com/interior-designers-in-chennai,official,0.92,0.78,,2026-04-06T01:29:07.423772
Kitchen Interior Designers in Hyderabad,,,Kitchen Interior Designers in Hyderabad,https://www.decorpot.com/kitchen-interior-designers-in-hyderabad,https://www.decorpot.com/interior-designers-in-chennai,official,0.92,0.78,,2026-04-06T01:29:07.423772
Island Kitchen Interior Designers in Hyderabad,,,Island Kitchen Interior Designers in Hyderabad,https://www.decorpot.com/island-kitchen-interior-designers-in-hyderabad,https://www.decorpot.com/interior-designers-in-chennai,official,0.92,0.78,,2026-04-06T01:29:07.423772
Children Room Interior Designers in Hyderabad,,,Children Room Interior Designers in Hyderabad,https://www.decorpot.com/childrens-room-interior-designers-in-hyderabad,https://www.decorpot.com/interior-designers-in-chennai,official,0.92,0.78,,2026-04-06T01:29:07.423772
Villa Interior Designers in Hyderabad,,,Villa Interior Designers in Hyderabad,https://www.decorpot.com/villa-interior-designers-in-hyderabad,https://www.decorpot.com/interior-designers-in-chennai,official,0.92,0.78,,2026-04-06T01:29:07.423772
Straight Kitchen Interior Designers in Hyderabad,,,Straight Kitchen Interior Designers in Hyderabad,https://www.decorpot.com/straight-kitchen-interior-designers-in-hyderabad,https://www.decorpot.com/interior-designers-in-chennai,official,0.92,0.78,,2026-04-06T01:29:07.423772
Foyer Area Interior Designers in Hyderabad,,,Foyer Area Interior Designers in Hyderabad,https://www.decorpot.com/foyer-area-interior-designers-in-hyderabad,https://www.decorpot.com/interior-designers-in-chennai,official,0.92,0.78,,2026-04-06T01:29:07.423772
Pooja Room Interior Designers in Hyderabad,,,Pooja Room Interior Designers in Hyderabad,https://www.decorpot.com/pooja-room-interior-designers-in-hyderabad,https://www.decorpot.com/interior-designers-in-chennai,official,0.92,0.78,,2026-04-06T01:29:07.423772
Parallel Kitchen Interior Designers in Hyderabad,,,Parallel Kitchen Interior Designers in Hyderabad,https://www.decorpot.com/parallel-kitchen-interior-designers-in-hyderabad,https://www.decorpot.com/interior-designers-in-chennai,official,0.92,0.78,,2026-04-06T01:29:07.423772
Walk In Wardrobes Interior Designers in Hyderabad,,,Walk In Wardrobes Interior Designers in Hyderabad,https://www.decorpot.com/walk-in-wardrobe-interior-designers-in-hyderabad,https://www.decorpot.com/interior-designers-in-chennai,official,0.92,0.78,,2026-04-06T01:29:07.423772
Guest Bedroom Interior Designers in Hyderabad,,,Guest Bedroom Interior Designers in Hyderabad,https://www.decorpot.com/guest-bedroom-interior-designers-in-hyderabad,https://www.decorpot.com/interior-designers-in-chennai,official,0.92,0.78,,2026-04-06T01:29:07.423772
L Shaped Kitchen Interior Designers in Hyderabad,,,L Shaped Kitchen Interior Designers in Hyderabad,https://www.decorpot.com/l-shaped-kitchen-interior-designers-in-hyderabad,https://www.decorpot.com/interior-designers-in-chennai,official,0.92,0.78,,2026-04-06T01:29:07.423772
Swing Door Wardrobe Interior Designers in Hyderabad,,,Swing Door Wardrobe Interior Designers in Hyderabad,https://www.decorpot.com/swing-door-wardrobe-interior-designers-in-hyderabad,https://www.decorpot.com/interior-designers-in-chennai,official,0.92,0.78,,2026-04-06T01:29:07.423772
Master Bedroom Interior Designers in Hyderabad,,,Master Bedroom Interior Designers in Hyderabad,https://www.decorpot.com/master-bedroom-interior-designers-in-hyderabad,https://www.decorpot.com/interior-designers-in-chennai,official,0.92,0.78,,2026-04-06T01:29:07.423772
U Shaped Kitchen Interior Designers in Hyderabad,,,U Shaped Kitchen Interior Designers in Hyderabad,https://www.decorpot.com/u-shaped-kitchen-interior-designers-in-hyderabad,https://www.decorpot.com/interior-designers-in-chennai,official,0.92,0.78,,2026-04-06T01:29:07.423772
Sliding Wardrobe Interior Designers in Hyderabad,,,Sliding Wardrobe Interior Designers in Hyderabad,https://www.decorpot.com/sliding-wardrobe-interior-designers-in-hyderabad,https://www.decorpot.com/interior-designers-in-chennai,official,0.92,0.78,,2026-04-06T01:29:07.423772
Living Room Interior Designers in Hyderabad,,,Living Room Interior Designers in Hyderabad,https://www.decorpot.com/living-room-interior-designers-in-hyderabad,https://www.decorpot.com/interior-designers-in-chennai,official,0.92,0.78,,2026-04-06T01:29:07.423772
Study Room Interior Designers in Hyderabad,,,Study Room Interior Designers in Hyderabad,https://www.decorpot.com/study-room-interior-designers-in-hyderabad,https://www.decorpot.com/interior-designers-in-chennai,official,0.92,0.78,,2026-04-06T01:29:07.423772
Apartment Interior Designers in Pune,,,Apartment Interior Designers in Pune,https://www.decorpot.com/apartment-interior-designers-in-pune,https://www.decorpot.com/interior-designers-in-chennai,official,0.92,0.78,,2026-04-06T01:29:07.423772
Living Room Interior Designers in Pune,,,Living Room Interior Designers in Pune,https://www.decorpot.com/living-room-interior-designers-in-pune,https://www.decorpot.com/interior-designers-in-chennai,official,0.92,0.78,,2026-04-06T01:29:07.423772
Master Bedroom Interior Designers in Pune,,,Master Bedroom Interior Designers in Pune,https://www.decorpot.com/master-bedroom-interior-designers-in-pune,https://www.decorpot.com/interior-designers-in-chennai,official,0.92,0.78,,2026-04-06T01:29:07.423772
Bedroom Interior Designers in Pune,,,Bedroom Interior Designers in Pune,https://www.decorpot.com/bedroom-interior-designers-in-pune,https://www.decorpot.com/interior-designers-in-chennai,official,0.92,0.78,,2026-04-06T01:29:07.423772
Children Room Interior Designers in Pune,,,Children Room Interior Designers in Pune,https://www.decorpot.com/childrens-room-interior-designers-in-pune,https://www.decorpot.com/interior-designers-in-chennai,official,0.92,0.78,,2026-04-06T01:29:07.423772
Parents Room Interior Designers in Pune,,,Parents Room Interior Designers in Pune,https://www.decorpot.com/parents-room-interior-designers-in-pune,https://www.decorpot.com/interior-designers-in-chennai,official,0.92,0.78,,2026-04-06T01:29:07.423772
Room Interior Interior Designers in Pune,,,Room Interior Interior Designers in Pune,https://www.decorpot.com/room-interior-designers-in-pune,https://www.decorpot.com/interior-designers-in-chennai,official,0.92,0.78,,2026-04-06T01:29:07.423772
Study Room Interior Designers in Pune,,,Study Room Interior Designers in Pune,https://www.decorpot.com/study-room-interior-designers-in-pune,https://www.decorpot.com/interior-designers-in-chennai,official,0.92,0.78,,2026-04-06T01:29:07.423772
Guest Bedroom Interior Designers in Pune,,,Guest Bedroom Interior Designers in Pune,https://www.decorpot.com/guest-bedroom-interior-designers-in-pune,https://www.decorpot.com/interior-designers-in-chennai,official,0.92,0.78,,2026-04-06T01:29:07.423772
Pooja Room Interior Designers in Pune,,,Pooja Room Interior Designers in Pune,https://www.decorpot.com/pooja-room-interior-designers-in-pune,https://www.decorpot.com/interior-designers-in-chennai,official,0.92,0.78,,2026-04-06T01:29:07.423772
Villa Interior Designers in Pune,,,Villa Interior Designers in Pune,https://www.decorpot.com/villa-interior-designers-in-pune,https://www.decorpot.com/interior-designers-in-chennai,official,0.92,0.78,,2026-04-06T01:29:07.423772
Kitchen Interior Designers in Pune,,,Kitchen Interior Designers in Pune,https://www.decorpot.com/kitchen-interior-designers-in-pune,https://www.decorpot.com/interior-designers-in-chennai,official,0.92,0.78,,2026-04-06T01:29:07.423772
Modular Kitchen Interior Designers in Pune,,,Modular Kitchen Interior Designers in Pune,https://www.decorpot.com/modular-kitchen-interior-designers-in-pune,https://www.decorpot.com/interior-designers-in-chennai,official,0.92,0.78,,2026-04-06T01:29:07.423772
U Shaped Kitchen Interior Designers in Pune,,,U Shaped Kitchen Interior Designers in Pune,https://www.decorpot.com/u-shaped-kitchen-interior-designers-in-pune,https://www.decorpot.com/interior-designers-in-chennai,official,0.92,0.78,,2026-04-06T01:29:07.423772
L Shaped Kitchen Interior Designers in Pune,,,L Shaped Kitchen Interior Designers in Pune,https://www.decorpot.com/l-shaped-kitchen-interior-designers-in-pune,https://www.decorpot.com/interior-designers-in-chennai,official,0.92,0.78,,2026-04-06T01:29:07.423772
Parallel Kitchen Interior Designers in Pune,,,Parallel Kitchen Interior Designers in Pune,https://www.decorpot.com/parallel-kitchen-interior-designers-in-pune,https://www.decorpot.com/interior-designers-in-chennai,official,0.92,0.78,,2026-04-06T01:29:07.423772
Straight Kitchen Interior Designers in Pune,,,Straight Kitchen Interior Designers in Pune,https://www.decorpot.com/straight-kitchen-interior-designers-in-pune,https://www.decorpot.com/interior-designers-in-chennai,official,0.92,0.78,,2026-04-06T01:29:07.423772
Island Kitchen Interior Designers in Pune,,,Island Kitchen Interior Designers in Pune,https://www.decorpot.com/island-kitchen-interior-designers-in-pune,https://www.decorpot.com/interior-designers-in-chennai,official,0.92,0.78,,2026-04-06T01:29:07.423772
Dining Room Interior Designers in Pune,,,Dining Room Interior Designers in Pune,https://www.decorpot.com/dining-room-interior-designers-in-pune,https://www.decorpot.com/interior-designers-in-chennai,official,0.92,0.78,,2026-04-06T01:29:07.423772
Sliding Wardrobe Interior Designers in Pune,,,Sliding Wardrobe Interior Designers in Pune,https://www.decorpot.com/sliding-wardrobe-interior-designers-in-pune,https://www.decorpot.com/interior-designers-in-chennai,official,0.92,0.78,,2026-04-06T01:29:07.423772
Swing Door Wardrobe Interior Designers in Pune,,,Swing Door Wardrobe Interior Designers in Pune,https://www.decorpot.com/swing-door-wardrobe-interior-designers-in-pune,https://www.decorpot.com/interior-designers-in-chennai,official,0.92,0.78,,2026-04-06T01:29:07.423772
Walk In Wardrobes Interior Designers in Pune,,,Walk In Wardrobes Interior Designers in Pune,https://www.decorpot.com/walk-in-wardrobe-interior-designers-in-pune,https://www.decorpot.com/interior-designers-in-chennai,official,0.92,0.78,,2026-04-06T01:29:07.423772
Foyer Area Interior Designers in Pune,,,Foyer Area Interior Designers in Pune,https://www.decorpot.com/foyer-area-interior-designers-in-pune,https://www.decorpot.com/interior-designers-in-chennai,official,0.92,0.78,,2026-04-06T01:29:07.423772
Apartment Interior Designers in Coimbatore,,,Apartment Interior Designers in Coimbatore,https://www.decorpot.com/apartment-interior-designers-in-coimbatore,https://www.decorpot.com/interior-designers-in-chennai,official,0.92,0.78,,2026-04-06T01:29:07.423772
Living Room Interior Designers in Coimbatore,,,Living Room Interior Designers in Coimbatore,https://www.decorpot.com/living-room-interior-designers-in-coimbatore,https://www.decorpot.com/interior-designers-in-chennai,official,0.92,0.78,,2026-04-06T01:29:07.423772
Master Bedroom Interior Designers in Coimbatore,,,Master Bedroom Interior Designers in Coimbatore,https://www.decorpot.com/master-bedroom-interior-designers-in-coimbatore,https://www.decorpot.com/interior-designers-in-chennai,official,0.92,0.78,,2026-04-06T01:29:07.423772
Bedroom Interior Designers in Coimbatore,,,Bedroom Interior Designers in Coimbatore,https://www.decorpot.com/bedroom-interior-designers-in-coimbatore,https://www.decorpot.com/interior-designers-in-chennai,official,0.92,0.78,,2026-04-06T01:29:07.423772
Children Room Interior Designers in Coimbatore,,,Children Room Interior Designers in Coimbatore,https://www.decorpot.com/childrens-room-interior-designers-in-coimbatore,https://www.decorpot.com/interior-designers-in-chennai,official,0.92,0.78,,2026-04-06T01:29:07.423772
Parents Room Interior Designers in Coimbatore,,,Parents Room Interior Designers in Coimbatore,https://www.decorpot.com/parents-room-interior-designers-in-coimbatore,https://www.decorpot.com/interior-designers-in-chennai,official,0.92,0.78,,2026-04-06T01:29:07.423772
Room Interior Interior Designers in Coimbatore,,,Room Interior Interior Designers in Coimbatore,https://www.decorpot.com/room-interior-designers-in-coimbatore,https://www.decorpot.com/interior-designers-in-chennai,official,0.92,0.78,,2026-04-06T01:29:07.423772
Study Room Interior Designers in Coimbatore,,,Study Room Interior Designers in Coimbatore,https://www.decorpot.com/study-room-interior-designers-in-coimbatore,https://www.decorpot.com/interior-designers-in-chennai,official,0.92,0.78,,2026-04-06T01:29:07.423772
Guest Bedroom Interior Designers in Coimbatore,,,Guest Bedroom Interior Designers in Coimbatore,https://www.decorpot.com/guest-bedroom-interior-designers-in-coimbatore,https://www.decorpot.com/interior-designers-in-chennai,official,0.92,0.78,,2026-04-06T01:29:07.423772
Pooja Room Interior Designers in Coimbatore,,,Pooja Room Interior Designers in Coimbatore,https://www.decorpot.com/pooja-room-interior-designers-in-coimbatore,https://www.decorpot.com/interior-designers-in-chennai,official,0.92,0.78,,2026-04-06T01:29:07.423772
Villa Interior Designers in Coimbatore,,,Villa Interior Designers in Coimbatore,https://www.decorpot.com/villa-interior-designers-in-coimbatore,https://www.decorpot.com/interior-designers-in-chennai,official,0.92,0.78,,2026-04-06T01:29:07.423772
Kitchen Interior Designers in Coimbatore,,,Kitchen Interior Designers in Coimbatore,https://www.decorpot.com/kitchen-interior-designers-in-coimbatore,https://www.decorpot.com/interior-designers-in-chennai,official,0.92,0.78,,2026-04-06T01:29:07.423772
Modular Kitchen Interior Designers in Coimbatore,,,Modular Kitchen Interior Designers in Coimbatore,https://www.decorpot.com/modular-kitchen-interior-designers-in-coimbatore,https://www.decorpot.com/interior-designers-in-chennai,official,0.92,0.78,,2026-04-06T01:29:07.423772
U Shaped Kitchen Interior Designers in Coimbatore,,,U Shaped Kitchen Interior Designers in Coimbatore,https://www.decorpot.com/u-shaped-kitchen-interior-designers-in-coimbatore,https://www.decorpot.com/interior-designers-in-chennai,official,0.92,0.78,,2026-04-06T01:29:07.423772
L Shaped Kitchen Interior Designers in Coimbatore,,,L Shaped Kitchen Interior Designers in Coimbatore,https://www.decorpot.com/l-shaped-kitchen-interior-designers-in-coimbatore,https://www.decorpot.com/interior-designers-in-chennai,official,0.92,0.78,,2026-04-06T01:29:07.423772
Parallel Kitchen Interior Designers in Coimbatore,,,Parallel Kitchen Interior Designers in Coimbatore,https://www.decorpot.com/parallel-kitchen-interior-designers-in-coimbatore,https://www.decorpot.com/interior-designers-in-chennai,official,0.92,0.78,,2026-04-06T01:29:07.423772
Straight Kitchen Interior Designers in Coimbatore,,,Straight Kitchen Interior Designers in Coimbatore,https://www.decorpot.com/straight-kitchen-interior-designers-in-coimbatore,https://www.decorpot.com/interior-designers-in-chennai,official,0.92,0.78,,2026-04-06T01:29:07.423772
Island Kitchen Interior Designers in Coimbatore,,,Island Kitchen Interior Designers in Coimbatore,https://www.decorpot.com/island-kitchen-interior-designers-in-coimbatore,https://www.decorpot.com/interior-designers-in-chennai,official,0.92,0.78,,2026-04-06T01:29:07.423772
Dining Room Interior Designers in Coimbatore,,,Dining Room Interior Designers in Coimbatore,https://www.decorpot.com/dining-room-interior-designers-in-coimbatore,https://www.decorpot.com/interior-designers-in-chennai,official,0.92,0.78,,2026-04-06T01:29:07.423772
Sliding Wardrobe Interior Designers in Coimbatore,,,Sliding Wardrobe Interior Designers in Coimbatore,https://www.decorpot.com/sliding-wardrobe-interior-designers-in-coimbatore,https://www.decorpot.com/interior-designers-in-chennai,official,0.92,0.78,,2026-04-06T01:29:07.423772
Swing Door Wardrobe Interior Designers in Coimbatore,,,Swing Door Wardrobe Interior Designers in Coimbatore,https://www.decorpot.com/swing-door-wardrobe-interior-designers-in-coimbatore,https://www.decorpot.com/interior-designers-in-chennai,official,0.92,0.78,,2026-04-06T01:29:07.423772
Walk In Wardrobe Interior Designers in Coimbatore,,,Walk In Wardrobe Interior Designers in Coimbatore,https://www.decorpot.com/walk-in-wardrobe-interior-designers-in-coimbatore,https://www.decorpot.com/interior-designers-in-chennai,official,0.92,0.78,,2026-04-06T01:29:07.423772
Foyer Area Interior Designers in Coimbatore,,,Foyer Area Interior Designers in Coimbatore,https://www.decorpot.com/foyer-area-interior-designers-in-coimbatore,https://www.decorpot.com/interior-designers-in-chennai,official,0.92,0.78,,2026-04-06T01:29:07.423772
Apartment Interior Designers in Kolkata,,,Apartment Interior Designers in Kolkata,https://www.decorpot.com/apartment-interior-designers-in-kolkata,https://www.decorpot.com/interior-designers-in-chennai,official,0.92,0.78,,2026-04-06T01:29:07.423772
Living Room Interior Designers in Kolkata,,,Living Room Interior Designers in Kolkata,https://www.decorpot.com/living-room-interior-designers-in-kolkata,https://www.decorpot.com/interior-designers-in-chennai,official,0.92,0.78,,2026-04-06T01:29:07.423772
Master Bedroom Interior Designers in Kolkata,,,Master Bedroom Interior Designers in Kolkata,https://www.decorpot.com/master-bedroom-interior-designers-in-kolkata,https://www.decorpot.com/interior-designers-in-chennai,official,0.92,0.78,,2026-04-06T01:29:07.423772
Bedroom Interior Designers in Kolkata,,,Bedroom Interior Designers in Kolkata,https://www.decorpot.com/bedroom-interior-designers-in-kolkata,https://www.decorpot.com/interior-designers-in-chennai,official,0.92,0.78,,2026-04-06T01:29:07.423772
Kids Room Interior Designers in Kolkata,,,Kids Room Interior Designers in Kolkata,https://www.decorpot.com/childrens-room-interior-designers-in-kolkata,https://www.decorpot.com/interior-designers-in-chennai,official,0.92,0.78,,2026-04-06T01:29:07.423772
Parents Room Interior Designers in Kolkata,,,Parents Room Interior Designers in Kolkata,https://www.decorpot.com/parents-room-interior-designers-in-kolkata,https://www.decorpot.com/interior-designers-in-chennai,official,0.92,0.78,,2026-04-06T01:29:07.423772
Room Interior Interior Designers in Kolkata,,,Room Interior Interior Designers in Kolkata,https://www.decorpot.com/room-interior-designers-in-kolkata,https://www.decorpot.com/interior-designers-in-chennai,official,0.92,0.78,,2026-04-06T01:29:07.423772
Study Room Interior Designers in Kolkata,,,Study Room Interior Designers in Kolkata,https://www.decorpot.com/study-room-interior-designers-in-kolkata,https://www.decorpot.com/interior-designers-in-chennai,official,0.92,0.78,,2026-04-06T01:29:07.423772
Guest Bedroom Interior Designers in Kolkata,,,Guest Bedroom Interior Designers in Kolkata,https://www.decorpot.com/guest-bedroom-interior-designers-in-kolkata,https://www.decorpot.com/interior-designers-in-chennai,official,0.92,0.78,,2026-04-06T01:29:07.423772
Pooja Room Interior Designers in Kolkata,,,Pooja Room Interior Designers in Kolkata,https://www.decorpot.com/pooja-room-interior-designers-in-kolkata,https://www.decorpot.com/interior-designers-in-chennai,official,0.92,0.78,,2026-04-06T01:29:07.423772
Villa Interior Designers in Kolkata,,,Villa Interior Designers in Kolkata,https://www.decorpot.com/villa-interior-designers-in-kolkata,https://www.decorpot.com/interior-designers-in-chennai,official,0.92,0.78,,2026-04-06T01:29:07.423772
Email Us,+91 9870 260 930,,For Owner +91 9870 260 930 / Email Us For Agent & Builder 0120-5135525 Selling Tools,https://www.magicbricks.com/contactUs,https://www.magicbricks.com/home-interior/interior-designers-in-chennai,directory,0.62,0.94,,2026-04-06T01:29:07.423772
Ready to Move,,,Popular Choices Ready to Move Budget Homes New Projects NEW Property Types Flats in New Delhi House for sale in New Delhi Villa in New Delhi Property in New Delhi Plots for sale in,https://www.magicbricks.com/ready-to-move-flats-in-new-delhi-pppfs,https://www.magicbricks.com/home-interior/interior-designers-in-chennai,directory,0.62,0.88,,2026-04-06T01:29:07.423772
Furnished Homes,,,Popular Choices Furnished Homes Property Types Flat for rent in New Delhi House for rent in New Delhi Villa for rent in New Delhi PG in New Delhi Office Space in New Delhi Hostels,https://www.magicbricks.com/furnished-flats-for-rent-in-new-delhi-pppfr,https://www.magicbricks.com/home-interior/interior-designers-in-chennai,directory,0.62,0.88,,2026-04-06T01:29:07.423772
Home Loan,,,Useful Links Home Loan Home Loan EMI Calculator Home Loan Eligibility Calculator Home Loan Interest Rate,https://www.magicbricks.com/homeloan/home,https://www.magicbricks.com/home-interior/interior-designers-in-chennai,directory,0.62,0.88,,2026-04-06T01:29:07.423772
"Interior Designers in Anna Salai, Anna Nagar, Chennai",,,"Upto 15% off 40 Verified Partner i This designer commits to transparent quotations, with a portfolio reviewed by the Magicbricks team and real project images submitted. Their busin",https://www.magicbricks.com/home-interior/homelane-interior-designer-in-bangalore-idbpdp-38,https://www.magicbricks.com/home-interior/interior-designers-in-chennai,directory,0.62,0.88,,2026-04-06T01:29:07.423772
"Interior Designers in Anna Nagar, OMR, Chennai",,,"Upto 15% off 5 Verified Partner i This designer commits to transparent quotations, with a portfolio reviewed by the Magicbricks team and real project images submitted. Their busine",https://www.magicbricks.com/home-interior/livspace-interior-designers-in-tilak-nagar-nagpur-idbpdp-1058,https://www.magicbricks.com/home-interior/interior-designers-in-chennai,directory,0.62,0.88,,2026-04-06T01:29:07.423772
"Interior Designers in Choolai, Chennai",,,"Upto 15% off 1 Interior Designers in Choolai, Chennai 360 Interiors Rating 4.7 (45) Experience 17 Years Available 10 Designers Warranty 12 Years Find Interior Design Experience Cen",https://www.magicbricks.com/home-interior/360-interiors-designers-in-choolai-chennai-idbpdp-1279,https://www.magicbricks.com/home-interior/interior-designers-in-chennai,directory,0.62,0.88,,2026-04-06T01:29:07.423772
"Interior Designers in Madhanandapuram, Chennai",,,"Upto 20% off 1 Interior Designers in Madhanandapuram, Chennai Reform Design And Solutions Rating 5.0 (56) Experience 6 Years Available 345 Designers Warranty 5 Years Find Interior",https://www.magicbricks.com/home-interior/reform-design-and-solutions-interior-designers-in-madhanandapuram-chennai-idbpdp-1346,https://www.magicbricks.com/home-interior/interior-designers-in-chennai,directory,0.62,0.88,,2026-04-06T01:29:07.423772
1 BHK Interior designs,,,Wanna explore more interior ideas 1 BHK Interior designs 2 BHK Interior designs 3 BHK Interior designs 4 BHK Interior designs,https://www.magicbricks.com/home-interior/1bhk-interior-design,https://www.magicbricks.com/home-interior/interior-designers-in-chennai,directory,0.62,0.88,,2026-04-06T01:29:07.423772
"Interior Designers in VGP Seethapathy Nagar, Chennai",,,"1 Interior Designers in VGP Seethapathy Nagar, Chennai V For U Interiors Rating 4.2 (80) Experience 10 Years Available 10 Designers Warranty 5 Years Find Interior Design Experience",https://www.magicbricks.com/home-interior/v-for-u-interiors-interior-designers-in-chennai-idbpdp-3179,https://www.magicbricks.com/home-interior/interior-designers-in-chennai,directory,0.62,0.88,,2026-04-06T01:29:07.423772
"Interior Designers in Kaveri Nagar, Chennai",,,"1 Interior Designers in Kaveri Nagar, Chennai Mercury Design Studio Rating 5.0 (100) Experience 16 Years Available 20 Designers Warranty 5 Years Find Interior Design Experience Cen",https://www.magicbricks.com/home-interior/mercury-design-studio-interior-designers-in-chennai-idbpdp-3180,https://www.magicbricks.com/home-interior/interior-designers-in-chennai,directory,0.62,0.88,,2026-04-06T01:29:07.423772
"Interior Designers in Kolathur, Chennai",,,"Upto 25% off 1 Interior Designers in Kolathur, Chennai Ambiance Creators Rating 4.8 (106) Experience 2 Years Available 109 Designers Warranty 5 Years Find Interior Design Experienc",https://www.magicbricks.com/home-interior/ambiance-creators-interior-designers-in-kolathur-chennai-idbpdp-1124,https://www.magicbricks.com/home-interior/interior-designers-in-chennai,directory,0.62,0.88,,2026-04-06T01:29:07.423772
"Interior Designers in Kodungaiyur, Chennai",,,"Upto 10% off 1 Interior Designers in Kodungaiyur, Chennai Carpinterio Rating 5.0 (520) Experience 13 Years Available 135 Designers Warranty 6 Years Find Interior Design Experience",https://www.magicbricks.com/home-interior/carpinterio-interior-designers-in-kodungaiyur-chennai-idbpdp-1185,https://www.magicbricks.com/home-interior/interior-designers-in-chennai,directory,0.62,0.88,,2026-04-06T01:29:07.423772
Filter by Chennai Budget,,,Filter by Chennai Budget,,https://www.magicbricks.com/home-interior/interior-designers-in-chennai,directory,0.62,0.82,,2026-04-06T01:29:07.423772
Upto 15% off 40,,,Upto 15% off 40,,https://www.magicbricks.com/home-interior/interior-designers-in-chennai,directory,0.62,0.82,,2026-04-06T01:29:07.423772
Upto 15% off,,,Upto 15% off,,https://www.magicbricks.com/home-interior/interior-designers-in-chennai,directory,0.62,0.82,,2026-04-06T01:29:07.423772
"Verified Partner i This designer commits to transparent quotations, wi",,,"Verified Partner i This designer commits to transparent quotations, with a portfolio reviewed by the Magicbricks team and real project images submitted. Their business name and con",,https://www.magicbricks.com/home-interior/interior-designers-in-chennai,directory,0.62,0.82,,2026-04-06T01:29:07.423772
Experience 10 Years,,,Experience 10 Years,,https://www.magicbricks.com/home-interior/interior-designers-in-chennai,directory,0.62,0.82,,2026-04-06T01:29:07.423772
Experience,,,Experience,,https://www.magicbricks.com/home-interior/interior-designers-in-chennai,directory,0.62,0.82,,2026-04-06T01:29:07.423772
10 Years,,,10 Years,,https://www.magicbricks.com/home-interior/interior-designers-in-chennai,directory,0.62,0.82,,2026-04-06T01:29:07.423772
Available 3 Designers,,,Available 3 Designers,,https://www.magicbricks.com/home-interior/interior-designers-in-chennai,directory,0.62,0.82,,2026-04-06T01:29:07.423772
Available,,,Available,,https://www.magicbricks.com/home-interior/interior-designers-in-chennai,directory,0.62,0.82,,2026-04-06T01:29:07.423772
3 Designers,,,3 Designers,,https://www.magicbricks.com/home-interior/interior-designers-in-chennai,directory,0.62,0.82,,2026-04-06T01:29:07.423772
Warranty 10 Years,,,Warranty 10 Years,,https://www.magicbricks.com/home-interior/interior-designers-in-chennai,directory,0.62,0.82,,2026-04-06T01:29:07.423772
Find Interior Design Experience Centers Near You Anna Salai Anna Salai,,,Find Interior Design Experience Centers Near You Anna Salai Anna Salai Anna Nagar Anna Nagar,,https://www.magicbricks.com/home-interior/interior-designers-in-chennai,directory,0.62,0.82,,2026-04-06T01:29:07.423772
Find Interior Design Experience Centers Near You,,,Find Interior Design Experience Centers Near You,,https://www.magicbricks.com/home-interior/interior-designers-in-chennai,directory,0.62,0.82,,2026-04-06T01:29:07.423772
Anna Salai Anna Salai Anna Nagar Anna Nagar,,,Anna Salai Anna Salai Anna Nagar Anna Nagar,,https://www.magicbricks.com/home-interior/interior-designers-in-chennai,directory,0.62,0.82,,2026-04-06T01:29:07.423772
Homelane is a well-known interior design company in Chennai with prici,,,Homelane is a well-known interior design company in Chennai with pricing beginning at ₹250000 (₹3000/sq.ft.). The firm holds 10 years of expertise and has executed over 20 projects,,https://www.magicbricks.com/home-interior/interior-designers-in-chennai,directory,0.62,0.82,,2026-04-06T01:29:07.423772
Starting from ₹ 2.5 Lakhs Book Visit Contact Now Free Cab Visit 200 +,,,Starting from ₹ 2.5 Lakhs Book Visit Contact Now Free Cab Visit 200 + visits done,,https://www.magicbricks.com/home-interior/interior-designers-in-chennai,directory,0.62,0.82,,2026-04-06T01:29:07.423772
Starting from ₹ 2.5 Lakhs,,,Starting from ₹ 2.5 Lakhs,,https://www.magicbricks.com/home-interior/interior-designers-in-chennai,directory,0.62,0.82,,2026-04-06T01:29:07.423772
Starting from,,,Starting from,,https://www.magicbricks.com/home-interior/interior-designers-in-chennai,directory,0.62,0.82,,2026-04-06T01:29:07.423772
₹ 2.5 Lakhs,,,₹ 2.5 Lakhs,,https://www.magicbricks.com/home-interior/interior-designers-in-chennai,directory,0.62,0.82,,2026-04-06T01:29:07.423772
Book Visit Contact Now,,,Book Visit Contact Now,,https://www.magicbricks.com/home-interior/interior-designers-in-chennai,directory,0.62,0.82,,2026-04-06T01:29:07.423772
Free Cab Visit 200 + visits done,,,Free Cab Visit 200 + visits done,,https://www.magicbricks.com/home-interior/interior-designers-in-chennai,directory,0.62,0.82,,2026-04-06T01:29:07.423772
Free Cab Visit,,,Free Cab Visit,,https://www.magicbricks.com/home-interior/interior-designers-in-chennai,directory,0.62,0.82,,2026-04-06T01:29:07.423772
Upto 15% off 5,,,Upto 15% off 5,,https://www.magicbricks.com/home-interior/interior-designers-in-chennai,directory,0.62,0.82,,2026-04-06T01:29:07.423772
Experience 12 Years,,,Experience 12 Years,,https://www.magicbricks.com/home-interior/interior-designers-in-chennai,directory,0.62,0.82,,2026-04-06T01:29:07.423772
12 Years,,,12 Years,,https://www.magicbricks.com/home-interior/interior-designers-in-chennai,directory,0.62,0.82,,2026-04-06T01:29:07.423772
Available 2 Designers,,,Available 2 Designers,,https://www.magicbricks.com/home-interior/interior-designers-in-chennai,directory,0.62,0.82,,2026-04-06T01:29:07.423772
2 Designers,,,2 Designers,,https://www.magicbricks.com/home-interior/interior-designers-in-chennai,directory,0.62,0.82,,2026-04-06T01:29:07.423772
Find Interior Design Experience Centers Near You Anna Nagar Anna Nagar,,,Find Interior Design Experience Centers Near You Anna Nagar Anna Nagar OMR OMR,,https://www.magicbricks.com/home-interior/interior-designers-in-chennai,directory,0.62,0.82,,2026-04-06T01:29:07.423772
Anna Nagar Anna Nagar OMR OMR,,,Anna Nagar Anna Nagar OMR OMR,,https://www.magicbricks.com/home-interior/interior-designers-in-chennai,directory,0.62,0.82,,2026-04-06T01:29:07.423772
"Livspace offers affordable luxury interiors in Chennai, starting at ₹3",,,"Livspace offers affordable luxury interiors in Chennai, starting at ₹310000 (₹258/sq.ft.). The firm holds 12 years of expertise and has executed over 20 projects. A full 10-year wa",,https://www.magicbricks.com/home-interior/interior-designers-in-chennai,directory,0.62,0.82,,2026-04-06T01:29:07.423772
Starting from ₹ 3.1 Lakhs Book Visit Contact Now Free Cab Visit 200 +,,,Starting from ₹ 3.1 Lakhs Book Visit Contact Now Free Cab Visit 200 + visits done,,https://www.magicbricks.com/home-interior/interior-designers-in-chennai,directory,0.62,0.82,,2026-04-06T01:29:07.423772
Starting from ₹ 3.1 Lakhs,,,Starting from ₹ 3.1 Lakhs,,https://www.magicbricks.com/home-interior/interior-designers-in-chennai,directory,0.62,0.82,,2026-04-06T01:29:07.423772
₹ 3.1 Lakhs,,,₹ 3.1 Lakhs,,https://www.magicbricks.com/home-interior/interior-designers-in-chennai,directory,0.62,0.82,,2026-04-06T01:29:07.423772
Upto 15% off 1,,,Upto 15% off 1,,https://www.magicbricks.com/home-interior/interior-designers-in-chennai,directory,0.62,0.82,,2026-04-06T01:29:07.423772
Experience 17 Years,,,Experience 17 Years,,https://www.magicbricks.com/home-interior/interior-designers-in-chennai,directory,0.62,0.82,,2026-04-06T01:29:07.423772
17 Years,,,17 Years,,https://www.magicbricks.com/home-interior/interior-designers-in-chennai,directory,0.62,0.82,,2026-04-06T01:29:07.423772
Available 10 Designers,,,Available 10 Designers,,https://www.magicbricks.com/home-interior/interior-designers-in-chennai,directory,0.62,0.82,,2026-04-06T01:29:07.423772
10 Designers,,,10 Designers,,https://www.magicbricks.com/home-interior/interior-designers-in-chennai,directory,0.62,0.82,,2026-04-06T01:29:07.423772
Warranty 12 Years,,,Warranty 12 Years,,https://www.magicbricks.com/home-interior/interior-designers-in-chennai,directory,0.62,0.82,,2026-04-06T01:29:07.423772
"Find Interior Design Experience Centers Near You Choolai 4, 87, TK Mud",,,"Find Interior Design Experience Centers Near You Choolai 4, 87, TK Mudali St, Thattankulam, Choolai, Chennai, Tamil Nadu 600112",,https://www.magicbricks.com/home-interior/interior-designers-in-chennai,directory,0.62,0.82,,2026-04-06T01:29:07.423772
"Choolai 4, 87, TK Mudali St, Thattankulam, Choolai, Chennai, Tamil Nad",,,"Choolai 4, 87, TK Mudali St, Thattankulam, Choolai, Chennai, Tamil Nadu 600112",,https://www.magicbricks.com/home-interior/interior-designers-in-chennai,directory,0.62,0.82,,2026-04-06T01:29:07.423772
Homeowners in Chennai prefer 360 Interiors for interiors starting at j,,,"Homeowners in Chennai prefer 360 Interiors for interiors starting at just ₹445000 (₹1200/sq.ft.). With 17 years of design experience, they’ve completed over 20 home projects. All i",,https://www.magicbricks.com/home-interior/interior-designers-in-chennai,directory,0.62,0.82,,2026-04-06T01:29:07.423772
Starting from ₹ 4.45 Lakhs Book Visit Contact Now Free Cab Visit 381 +,,,Starting from ₹ 4.45 Lakhs Book Visit Contact Now Free Cab Visit 381 + visits done,,https://www.magicbricks.com/home-interior/interior-designers-in-chennai,directory,0.62,0.82,,2026-04-06T01:29:07.423772
Starting from ₹ 4.45 Lakhs,,,Starting from ₹ 4.45 Lakhs,,https://www.magicbricks.com/home-interior/interior-designers-in-chennai,directory,0.62,0.82,,2026-04-06T01:29:07.423772
₹ 4.45 Lakhs,,,₹ 4.45 Lakhs,,https://www.magicbricks.com/home-interior/interior-designers-in-chennai,directory,0.62,0.82,,2026-04-06T01:29:07.423772
Free Cab Visit 381 + visits done,,,Free Cab Visit 381 + visits done,,https://www.magicbricks.com/home-interior/interior-designers-in-chennai,directory,0.62,0.82,,2026-04-06T01:29:07.423772
Upto 20% off 1,,,Upto 20% off 1,,https://www.magicbricks.com/home-interior/interior-designers-in-chennai,directory,0.62,0.82,,2026-04-06T01:29:07.423772
Upto 20% off,,,Upto 20% off,,https://www.magicbricks.com/home-interior/interior-designers-in-chennai,directory,0.62,0.82,,2026-04-06T01:29:07.423772
Experience 6 Years,,,Experience 6 Years,,https://www.magicbricks.com/home-interior/interior-designers-in-chennai,directory,0.62,0.82,,2026-04-06T01:29:07.423772
6 Years,,,6 Years,,https://www.magicbricks.com/home-interior/interior-designers-in-chennai,directory,0.62,0.82,,2026-04-06T01:29:07.423772
Available 345 Designers,,,Available 345 Designers,,https://www.magicbricks.com/home-interior/interior-designers-in-chennai,directory,0.62,0.82,,2026-04-06T01:29:07.423772
345 Designers,,,345 Designers,,https://www.magicbricks.com/home-interior/interior-designers-in-chennai,directory,0.62,0.82,,2026-04-06T01:29:07.423772
Warranty 5 Years,,,Warranty 5 Years,,https://www.magicbricks.com/home-interior/interior-designers-in-chennai,directory,0.62,0.82,,2026-04-06T01:29:07.423772
5 Years,,,5 Years,,https://www.magicbricks.com/home-interior/interior-designers-in-chennai,directory,0.62,0.82,,2026-04-06T01:29:07.423772
Find Interior Design Experience Centers Near You Madhanandapuram Madha,,,Find Interior Design Experience Centers Near You Madhanandapuram Madhanandapuram,,https://www.magicbricks.com/home-interior/interior-designers-in-chennai,directory,0.62,0.82,,2026-04-06T01:29:07.423772
Madhanandapuram Madhanandapuram,,,Madhanandapuram Madhanandapuram,,https://www.magicbricks.com/home-interior/interior-designers-in-chennai,directory,0.62,0.82,,2026-04-06T01:29:07.423772
"For homeowners in Chennai, Reform Design And Solutions offers premium",,,"For homeowners in Chennai, Reform Design And Solutions offers premium interiors beginning at ₹425000 (₹2500/sq.ft.). With over 6 years of experience, they have delivered 20 success",,https://www.magicbricks.com/home-interior/interior-designers-in-chennai,directory,0.62,0.82,,2026-04-06T01:29:07.423772
Starting from ₹ 4.25 Lakhs Book Visit Contact Now Free Cab Visit 300 +,,,Starting from ₹ 4.25 Lakhs Book Visit Contact Now Free Cab Visit 300 + visits done,,https://www.magicbricks.com/home-interior/interior-designers-in-chennai,directory,0.62,0.82,,2026-04-06T01:29:07.423772
Starting from ₹ 4.25 Lakhs,,,Starting from ₹ 4.25 Lakhs,,https://www.magicbricks.com/home-interior/interior-designers-in-chennai,directory,0.62,0.82,,2026-04-06T01:29:07.423772
₹ 4.25 Lakhs,,,₹ 4.25 Lakhs,,https://www.magicbricks.com/home-interior/interior-designers-in-chennai,directory,0.62,0.82,,2026-04-06T01:29:07.423772
Free Cab Visit 300 + visits done,,,Free Cab Visit 300 + visits done,,https://www.magicbricks.com/home-interior/interior-designers-in-chennai,directory,0.62,0.82,,2026-04-06T01:29:07.423772
Experience 2 Years,,,Experience 2 Years,,https://www.magicbricks.com/home-interior/interior-designers-in-chennai,directory,0.62,0.82,,2026-04-06T01:29:07.423772
2 Years,,,2 Years,,https://www.magicbricks.com/home-interior/interior-designers-in-chennai,directory,0.62,0.82,,2026-04-06T01:29:07.423772
Available 30 Designers,,,Available 30 Designers,,https://www.magicbricks.com/home-interior/interior-designers-in-chennai,directory,0.62,0.82,,2026-04-06T01:29:07.423772
30 Designers,,,30 Designers,,https://www.magicbricks.com/home-interior/interior-designers-in-chennai,directory,0.62,0.82,,2026-04-06T01:29:07.423772
Find Interior Design Experience Centers Near You Madhanandapuram Resid,,,"Find Interior Design Experience Centers Near You Madhanandapuram Residence, Sidharth Upscale, E406, Kundrathur Main Rd, MS Nagar, Madhanandapuram, Chennai, Tamil Nadu 600125",,https://www.magicbricks.com/home-interior/interior-designers-in-chennai,directory,0.62,0.82,,2026-04-06T01:29:07.423772
"Madhanandapuram Residence, Sidharth Upscale, E406, Kundrathur Main Rd",,,"Madhanandapuram Residence, Sidharth Upscale, E406, Kundrathur Main Rd, MS Nagar, Madhanandapuram, Chennai, Tamil Nadu 600125",,https://www.magicbricks.com/home-interior/interior-designers-in-chennai,directory,0.62,0.82,,2026-04-06T01:29:07.423772
Redwud Construction & Interiors is a well-known interior design compan,,,Redwud Construction & Interiors is a well-known interior design company in Chennai with pricing beginning at ₹500000 (₹1250/sq.ft.). The firm holds 2 years of expertise and has exe,,https://www.magicbricks.com/home-interior/interior-designers-in-chennai,directory,0.62,0.82,,2026-04-06T01:29:07.423772
Starting from ₹ 5 Lakhs Book Visit Contact Now Free Cab Visit 35 + vis,,,Starting from ₹ 5 Lakhs Book Visit Contact Now Free Cab Visit 35 + visits done,,https://www.magicbricks.com/home-interior/interior-designers-in-chennai,directory,0.62,0.82,,2026-04-06T01:29:07.423772
Starting from ₹ 5 Lakhs,,,Starting from ₹ 5 Lakhs,,https://www.magicbricks.com/home-interior/interior-designers-in-chennai,directory,0.62,0.82,,2026-04-06T01:29:07.423772
₹ 5 Lakhs,,,₹ 5 Lakhs,,https://www.magicbricks.com/home-interior/interior-designers-in-chennai,directory,0.62,0.82,,2026-04-06T01:29:07.423772
Free Cab Visit 35 + visits done,,,Free Cab Visit 35 + visits done,,https://www.magicbricks.com/home-interior/interior-designers-in-chennai,directory,0.62,0.82,,2026-04-06T01:29:07.423772
Wanna explore more interior ideas,,,Wanna explore more interior ideas,,https://www.magicbricks.com/home-interior/interior-designers-in-chennai,directory,0.62,0.82,,2026-04-06T01:29:07.423772
Find Interior Design Experience Centers Near You VGP Seethapathy Nagar,,,Find Interior Design Experience Centers Near You VGP Seethapathy Nagar VGP Seethapathy Nagar,,https://www.magicbricks.com/home-interior/interior-designers-in-chennai,directory,0.62,0.82,,2026-04-06T01:29:07.423772
VGP Seethapathy Nagar VGP Seethapathy Nagar,,,VGP Seethapathy Nagar VGP Seethapathy Nagar,,https://www.magicbricks.com/home-interior/interior-designers-in-chennai,directory,0.62,0.82,,2026-04-06T01:29:07.423772
V For U Interiors is among the top-rated interior designers in Chennai,,,"V For U Interiors is among the top-rated interior designers in Chennai, offering complete home interiors from ₹320000 (₹5000/sq.ft.) onwards. Backed by 10 years of experience, they",,https://www.magicbricks.com/home-interior/interior-designers-in-chennai,directory,0.62,0.82,,2026-04-06T01:29:07.423772
Starting from ₹ 3.2 Lakhs Book Visit Contact Now Free Cab Visit 20 + v,,,Starting from ₹ 3.2 Lakhs Book Visit Contact Now Free Cab Visit 20 + visits done,,https://www.magicbricks.com/home-interior/interior-designers-in-chennai,directory,0.62,0.82,,2026-04-06T01:29:07.423772
Starting from ₹ 3.2 Lakhs,,,Starting from ₹ 3.2 Lakhs,,https://www.magicbricks.com/home-interior/interior-designers-in-chennai,directory,0.62,0.82,,2026-04-06T01:29:07.423772
₹ 3.2 Lakhs,,,₹ 3.2 Lakhs,,https://www.magicbricks.com/home-interior/interior-designers-in-chennai,directory,0.62,0.82,,2026-04-06T01:29:07.423772
Free Cab Visit 20 + visits done,,,Free Cab Visit 20 + visits done,,https://www.magicbricks.com/home-interior/interior-designers-in-chennai,directory,0.62,0.82,,2026-04-06T01:29:07.423772
Experience 16 Years,,,Experience 16 Years,,https://www.magicbricks.com/home-interior/interior-designers-in-chennai,directory,0.62,0.82,,2026-04-06T01:29:07.423772
16 Years,,,16 Years,,https://www.magicbricks.com/home-interior/interior-designers-in-chennai,directory,0.62,0.82,,2026-04-06T01:29:07.423772
Available 20 Designers,,,Available 20 Designers,,https://www.magicbricks.com/home-interior/interior-designers-in-chennai,directory,0.62,0.82,,2026-04-06T01:29:07.423772
20 Designers,,,20 Designers,,https://www.magicbricks.com/home-interior/interior-designers-in-chennai,directory,0.62,0.82,,2026-04-06T01:29:07.423772
Find Interior Design Experience Centers Near You Kaveri Nagar Kaveri N,,,Find Interior Design Experience Centers Near You Kaveri Nagar Kaveri Nagar,,https://www.magicbricks.com/home-interior/interior-designers-in-chennai,directory,0.62,0.82,,2026-04-06T01:29:07.423772
Kaveri Nagar Kaveri Nagar,,,Kaveri Nagar Kaveri Nagar,,https://www.magicbricks.com/home-interior/interior-designers-in-chennai,directory,0.62,0.82,,2026-04-06T01:29:07.423772
Mercury Design Studio is a leading name in interior design across Chen,,,"Mercury Design Studio is a leading name in interior design across Chennai, with pricing starting from ₹200000 (₹500/sq.ft.). The brand carries 16 years of experience and has comple",,https://www.magicbricks.com/home-interior/interior-designers-in-chennai,directory,0.62,0.82,,2026-04-06T01:29:07.423772
Starting from ₹ 2 Lakhs Book Visit Contact Now Free Cab Visit 256 + vi,,,Starting from ₹ 2 Lakhs Book Visit Contact Now Free Cab Visit 256 + visits done,,https://www.magicbricks.com/home-interior/interior-designers-in-chennai,directory,0.62,0.82,,2026-04-06T01:29:07.423772
Starting from ₹ 2 Lakhs,,,Starting from ₹ 2 Lakhs,,https://www.magicbricks.com/home-interior/interior-designers-in-chennai,directory,0.62,0.82,,2026-04-06T01:29:07.423772
₹ 2 Lakhs,,,₹ 2 Lakhs,,https://www.magicbricks.com/home-interior/interior-designers-in-chennai,directory,0.62,0.82,,2026-04-06T01:29:07.423772
Free Cab Visit 256 + visits done,,,Free Cab Visit 256 + visits done,,https://www.magicbricks.com/home-interior/interior-designers-in-chennai,directory,0.62,0.82,,2026-04-06T01:29:07.423772
Upto 25% off 1,,,Upto 25% off 1,,https://www.magicbricks.com/home-interior/interior-designers-in-chennai,directory,0.62,0.82,,2026-04-06T01:29:07.423772
Upto 25% off,,,Upto 25% off,,https://www.magicbricks.com/home-interior/interior-designers-in-chennai,directory,0.62,0.82,,2026-04-06T01:29:07.423772
Available 109 Designers,,,Available 109 Designers,,https://www.magicbricks.com/home-interior/interior-designers-in-chennai,directory,0.62,0.82,,2026-04-06T01:29:07.423772
109 Designers,,,109 Designers,,https://www.magicbricks.com/home-interior/interior-designers-in-chennai,directory,0.62,0.82,,2026-04-06T01:29:07.423772
"Find Interior Design Experience Centers Near You Kolathur 1st Floor, 1",,,"Find Interior Design Experience Centers Near You Kolathur 1st Floor, 18/1, Lakshan Tower, Vivekananda Nagar Main Rd, Kolathur, Chennai, Tamil Nadu 600099, India",,https://www.magicbricks.com/home-interior/interior-designers-in-chennai,directory,0.62,0.82,,2026-04-06T01:29:07.423772
"Kolathur 1st Floor, 18/1, Lakshan Tower, Vivekananda Nagar Main Rd, Ko",,,"Kolathur 1st Floor, 18/1, Lakshan Tower, Vivekananda Nagar Main Rd, Kolathur, Chennai, Tamil Nadu 600099, India",,https://www.magicbricks.com/home-interior/interior-designers-in-chennai,directory,0.62,0.82,,2026-04-06T01:29:07.423772
"With 2 years of experience, the company has successfully completed 20",,,"With 2 years of experience, the company has successfully completed 20 interior design projects. Customers get a dependable 5-year warranty. Customers can experience their design co",,https://www.magicbricks.com/home-interior/interior-designers-in-chennai,directory,0.62,0.82,,2026-04-06T01:29:07.423772
Starting from ₹ 3.45 Lakhs Book Visit Contact Now Free Cab Visit 796 +,,,Starting from ₹ 3.45 Lakhs Book Visit Contact Now Free Cab Visit 796 + visits done,,https://www.magicbricks.com/home-interior/interior-designers-in-chennai,directory,0.62,0.82,,2026-04-06T01:29:07.423772
Starting from ₹ 3.45 Lakhs,,,Starting from ₹ 3.45 Lakhs,,https://www.magicbricks.com/home-interior/interior-designers-in-chennai,directory,0.62,0.82,,2026-04-06T01:29:07.423772
₹ 3.45 Lakhs,,,₹ 3.45 Lakhs,,https://www.magicbricks.com/home-interior/interior-designers-in-chennai,directory,0.62,0.82,,2026-04-06T01:29:07.423772
Free Cab Visit 796 + visits done,,,Free Cab Visit 796 + visits done,,https://www.magicbricks.com/home-interior/interior-designers-in-chennai,directory,0.62,0.82,,2026-04-06T01:29:07.423772
Upto 10% off 1,,,Upto 10% off 1,,https://www.magicbricks.com/home-interior/interior-designers-in-chennai,directory,0.62,0.82,,2026-04-06T01:29:07.423772
2 BHK Interior designs,,,2 BHK Interior designs,https://www.magicbricks.com/home-interior/2bhk-interior-design,https://www.magicbricks.com/home-interior/interior-designers-in-chennai,directory,0.62,0.78,,2026-04-06T01:29:07.423772
3 BHK Interior designs,,,3 BHK Interior designs,https://www.magicbricks.com/home-interior/3bhk-interior-design,https://www.magicbricks.com/home-interior/interior-designers-in-chennai,directory,0.62,0.78,,2026-04-06T01:29:07.423772
4 BHK Interior designs,,,4 BHK Interior designs,https://www.magicbricks.com/home-interior/4bhk-interior-design,https://www.magicbricks.com/home-interior/interior-designers-in-chennai,directory,0.62,0.78,,2026-04-06T01:29:07.423772
Understanding Your Vision We begin every project by deeply understandi,,,"Understanding Your Vision We begin every project by deeply understanding your needs, lifestyle, and aesthetic preferences.",,https://resonancedesigns.in/best-interior-designers-chennai/,directory,0.62,0.82,,2026-04-06T01:29:07.423772
Creative Concept Development Our team develops unique concepts that bl,,,Creative Concept Development Our team develops unique concepts that blend modern design with practical functionality.,,https://resonancedesigns.in/best-interior-designers-chennai/,directory,0.62,0.82,,2026-04-06T01:29:07.423772
3D Design & Visualization You get to see a virtual model of your space,,,3D Design & Visualization You get to see a virtual model of your space before execution for clarity and changes.,,https://resonancedesigns.in/best-interior-designers-chennai/,directory,0.62,0.82,,2026-04-06T01:29:07.423772
"Material Selection We use only quality, long-lasting materials that su",,,"Material Selection We use only quality, long-lasting materials that suit your budget and style.",,https://resonancedesigns.in/best-interior-designers-chennai/,directory,0.62,0.82,,2026-04-06T01:29:07.423772
"End-to-End Project Management From civil work to finishing touches, ou",,,"End-to-End Project Management From civil work to finishing touches, our experts handle it all with precision.",,https://resonancedesigns.in/best-interior-designers-chennai/,directory,0.62,0.82,,2026-04-06T01:29:07.423772
Timely Execution We follow a well-structured timeline to ensure your p,,,Timely Execution We follow a well-structured timeline to ensure your project finishes on time.,,https://resonancedesigns.in/best-interior-designers-chennai/,directory,0.62,0.82,,2026-04-06T01:29:07.423772
"Transparent Process No hidden costs. Full visibility into progress, co",,,"Transparent Process No hidden costs. Full visibility into progress, costs and changes",,https://resonancedesigns.in/best-interior-designers-chennai/,directory,0.62,0.82,,2026-04-06T01:29:07.423772
Commitment to Excellence As a trusted interior design company in Chenn,,,"Commitment to Excellence As a trusted interior design company in Chennai, we’re known for exceptional quality and elegant results.",,https://resonancedesigns.in/best-interior-designers-chennai/,directory,0.62,0.82,,2026-04-06T01:29:07.423772
2BHK Interiors starts at,,,2BHK Interiors starts at ₹ 4.25 Lakhs Click to get further details,,https://resonancedesigns.in/best-interior-designers-chennai/,directory,0.62,0.82,,2026-04-06T01:29:07.423772
3BHK Interiors starts at,,,3BHK Interiors starts at ₹ 6.5 Lakhs Click to get further details,,https://resonancedesigns.in/best-interior-designers-chennai/,directory,0.62,0.82,,2026-04-06T01:29:07.423772
4BHK Interiors starts at,,,4BHK Interiors starts at ₹ 8 Lakhs Click to get further details,,https://resonancedesigns.in/best-interior-designers-chennai/,directory,0.62,0.82,,2026-04-06T01:29:07.423772
"Tambaram, Chennai",,,"Tambaram, Chennai",,https://resonancedesigns.in/best-interior-designers-chennai/,directory,0.62,0.82,,2026-04-06T01:29:07.423772
Who is the best interior designer in Chennai?,,,"Who is the best interior designer in Chennai? There are many talented interior designers in Chennai, but the best one for you depends on your style, budget and project needs. At Re",,https://resonancedesigns.in/best-interior-designers-chennai/,directory,0.62,0.82,,2026-04-06T01:29:07.423772
"There are many talented interior designers in Chennai, but the best on",,,"There are many talented interior designers in Chennai, but the best one for you depends on your style, budget and project needs. At Resonance, we are known for our personalized app",,https://resonancedesigns.in/best-interior-designers-chennai/,directory,0.62,0.82,,2026-04-06T01:29:07.423772
How much does interior design cost in Chennai?,,,"How much does interior design cost in Chennai? Interior design costs in Chennai typically range from ₹800 to ₹2,500 per sq. ft., depending on materials, design complexity, and serv",,https://resonancedesigns.in/best-interior-designers-chennai/,directory,0.62,0.82,,2026-04-06T01:29:07.423772
"Interior design costs in Chennai typically range from ₹800 to ₹2,500 p",,,"Interior design costs in Chennai typically range from ₹800 to ₹2,500 per sq. ft., depending on materials, design complexity, and service scope. At Resonance, we offer flexible pric",,https://resonancedesigns.in/best-interior-designers-chennai/,directory,0.62,0.82,,2026-04-06T01:29:07.423772
What services do residential interior designers in Chennai offer?,,,"What services do residential interior designers in Chennai offer? Residential interior designers in Chennai provide space planning, 3D designs, material selection, modular kitchen",,https://resonancedesigns.in/best-interior-designers-chennai/,directory,0.62,0.82,,2026-04-06T01:29:07.423772
"Residential interior designers in Chennai provide space planning, 3D d",,,"Residential interior designers in Chennai provide space planning, 3D designs, material selection, modular kitchen work, wardrobes, and full project execution. Resonance also handle",,https://resonancedesigns.in/best-interior-designers-chennai/,directory,0.62,0.82,,2026-04-06T01:29:07.423772
How to choose the right interior design company in Chennai?,,,"How to choose the right interior design company in Chennai? Check past projects, real reviews, clear pricing, and written timelines. A reliable team like Resonance offers transpare",,https://resonancedesigns.in/best-interior-designers-chennai/,directory,0.62,0.82,,2026-04-06T01:29:07.423772
Resonance,,,"Check past projects, real reviews, clear pricing, and written timelines. A reliable team like Resonance offers transparent quotes, milestone-based payments, and designs that match",,https://resonancedesigns.in/best-interior-designers-chennai/,directory,0.62,0.82,,2026-04-06T01:29:07.423772
What is the cost of 2BHK home interiors in Chennai?,,,What is the cost of 2BHK home interiors in Chennai? A 2BHK interior in Chennai typically costs ₹4.5 lakhs to ₹10+ lakhs based on materials and design style. Resonance gives clear p,,https://resonancedesigns.in/best-interior-designers-chennai/,directory,0.62,0.82,,2026-04-06T01:29:07.423772
A 2BHK interior in Chennai typically costs ₹4.5 lakhs to ₹10+ lakhs ba,,,"A 2BHK interior in Chennai typically costs ₹4.5 lakhs to ₹10+ lakhs based on materials and design style. Resonance gives clear pricing, durable materials, and custom plans to fit y",,https://resonancedesigns.in/best-interior-designers-chennai/,directory,0.62,0.82,,2026-04-06T01:29:07.423772
"Office Address : No 71, Senthil Nagar, 17th Cross street, Kolathur, Ch",,,"Office Address : No 71, Senthil Nagar, 17th Cross street, Kolathur, Chennai, Tamilnadu. Pincode – 600099. ( Landmark : Near KTM Service centre )",,https://resonancedesigns.in/best-interior-designers-chennai/,directory,0.62,0.82,,2026-04-06T01:29:07.423772
Our Services,,,Our Services,https://resonancedesigns.in/our-services/,https://resonancedesigns.in/best-interior-designers-chennai/,directory,0.62,0.78,,2026-04-06T01:29:07.423772
Instagram,,,Instagram,https://www.instagram.com/resonancedesigns/,https://resonancedesigns.in/best-interior-designers-chennai/,directory,0.62,0.78,,2026-04-06T01:29:07.423772
Get Direction,080-68065000,,"DesignCafe Experience Centre, Mount Road, Chennai Experience 6 Kitchen Concepts, 3 Living + Dining Rooms, 2 Bedrooms, 1 BHK Model Flats and more... Address: 137(95), Anna Salai, Ne","https://www.google.com/maps/place/DesignCafe+Experience+Centre,+Mount+Road/@13.0647244,80.2666389,17z/data=!3m1!4b1!4m6!3m5!1s0x3a526619f42f2701:0xe656906b71b4da76!8m2!3d13.0647244!4d80.2666389!16s%2Fg%2F11q4cgsfbc?entry=ttu",https://www.designcafe.com/cities/interior-designers-chennai/,official,0.92,0.94,,2026-04-06T01:29:07.423772
Design Gallery,,,Design Gallery Modular Kitchen Designs Customise Your Kitchen Wardrobe Designs Bedroom Designs Living Room Designs Space Saving Designs Dining Room Designs Home Office Designs Kids,https://www.designcafe.com/interior-design/,https://www.designcafe.com/cities/interior-designers-chennai/,official,0.92,0.88,,2026-04-06T01:29:07.423772
Jaishivani’s 2 BHK Modern Abode In Chennai,,,Jaishivani’s 2 BHK Modern Abode In Chennai Aatheesh’s 3 BHK Home In Chennai Jaishivani’s 2 BHK Modern Abode In Chennai Aatheesh’s 3 BHK Home In Chennai Jaishivani’s 2 BHK Modern Ab,https://www.designcafe.com/recent-projects-completed/?city=chennai,https://www.designcafe.com/cities/interior-designers-chennai/,official,0.92,0.88,,2026-04-06T01:29:07.423772
Browse Popular Designs In Chennai,,,Browse Popular Designs In Chennai Living Room Designs Space Saving Designs Wardrobe Designs Kids Bedroom Designs 2 BHK Interior Designs 3 BHK Interior Designs Bedroom Designs Livin,https://www.designcafe.com/interior-design/living-room-design/,https://www.designcafe.com/cities/interior-designers-chennai/,official,0.92,0.88,,2026-04-06T01:29:07.423772
Living Room Designs,,,Living Room Designs Space Saving Designs Wardrobe Designs Kids Bedroom Designs 2 BHK Interior Designs 3 BHK Interior Designs Bedroom Designs Living Room Designs Space Saving Design,https://www.designcafe.com/interior-design/living-room-design/,https://www.designcafe.com/cities/interior-designers-chennai/,official,0.92,0.88,,2026-04-06T01:29:07.423772
FAQs On Home Interiors In Chennai,,,FAQs On Home Interiors In Chennai Why should you hire an interior designer or interior decorators in Chennai? Hiring an interior designer in Chennai is crucial when transforming yo,https://www.designcafe.com/blog/home-interiors/interior-design-trends-in-chennai-2025/,https://www.designcafe.com/cities/interior-designers-chennai/,official,0.92,0.88,,2026-04-06T01:29:07.423772
Why should you hire an interior designer or interior decorators in Chennai?,,,Why should you hire an interior designer or interior decorators in Chennai? Hiring an interior designer in Chennai is crucial when transforming your home into a functional and aest,https://www.designcafe.com/blog/home-interiors/interior-design-trends-in-chennai-2025/,https://www.designcafe.com/cities/interior-designers-chennai/,official,0.92,0.88,,2026-04-06T01:29:07.423772
What are the interior design trends in Chennai?,,,"What are the interior design trends in Chennai? Bold Colours: Vibrant walls and striking color palettes like terracotta, deep blues, and greens are trending. Handmade Furnishings:",https://www.designcafe.com/blog/home-interiors/interior-design-trends-in-chennai-2025/,https://www.designcafe.com/cities/interior-designers-chennai/,official,0.92,0.88,,2026-04-06T01:29:07.423772
Bold Colours,,,"Bold Colours: Vibrant walls and striking color palettes like terracotta, deep blues, and greens are trending. Handmade Furnishings: Locally crafted soft furnishings offer cost-effe",https://www.designcafe.com/blog/home-interiors/interior-design-trends-in-chennai-2025/,https://www.designcafe.com/cities/interior-designers-chennai/,official,0.92,0.88,,2026-04-06T01:29:07.423772
Do you offer home interior design services in cities other than Chennai?,,,"Do you offer home interior design services in cities other than Chennai? Yes, DesignCafe offers personalised home interior solutions in multiple cities across India. Whether you’re",https://www.designcafe.com/cities/interior-designers-ahmedabad/,https://www.designcafe.com/cities/interior-designers-chennai/,official,0.92,0.88,,2026-04-06T01:29:07.423772
Ahmedabad,,,"Yes, DesignCafe offers personalised home interior solutions in multiple cities across India. Whether you’re in a major metro or a growing city, our expert designers are ready to tr",https://www.designcafe.com/cities/interior-designers-ahmedabad/,https://www.designcafe.com/cities/interior-designers-chennai/,official,0.92,0.88,,2026-04-06T01:29:07.423772
Where can I find interior designers within the city of Chennai?,,,Where can I find interior designers within the city of Chennai? You can find interior designers in various popular areas within Chennai: Interior Designers In Velachery Interior De,https://www.designcafe.com/cities/interior-designers-chennai/velachery/,https://www.designcafe.com/cities/interior-designers-chennai/,official,0.92,0.88,,2026-04-06T01:29:07.423772
Cost Calculators,,,Cost Calculators Home Interior Cost Calculator Modular Kitchen Cost Calculator Wardrobe Cost Calculator,,https://www.designcafe.com/cities/interior-designers-chennai/,official,0.92,0.82,,2026-04-06T01:29:07.423772
20% Extra Storage 25-Year Warranty No-Cost EMI,,,20% Extra Storage 25-Year Warranty No-Cost EMI,,https://www.designcafe.com/cities/interior-designers-chennai/,official,0.92,0.82,,2026-04-06T01:29:07.423772
Interior Designs In Chennai For Every Budget And Lifestyle,,,Interior Designs In Chennai For Every Budget And Lifestyle,,https://www.designcafe.com/cities/interior-designers-chennai/,official,0.92,0.82,,2026-04-06T01:29:07.423772
Smart Modular Kitchen Designs For Chennai Homes,,,Smart Modular Kitchen Designs For Chennai Homes,,https://www.designcafe.com/cities/interior-designers-chennai/,official,0.92,0.82,,2026-04-06T01:29:07.423772
A U-shaped kitchen with glass cabinets An L-shaped kitchen with floati,,,A U-shaped kitchen with glass cabinets An L-shaped kitchen with floating shelves A dual-tone kitchen with a breakfast counter A U-shaped kitchen with glass cabinets An L-shaped kit,,https://www.designcafe.com/cities/interior-designers-chennai/,official,0.92,0.82,,2026-04-06T01:29:07.423772
A U-shaped kitchen with glass cabinets,,,A U-shaped kitchen with glass cabinets,,https://www.designcafe.com/cities/interior-designers-chennai/,official,0.92,0.82,,2026-04-06T01:29:07.423772
An L-shaped kitchen with floating shelves,,,An L-shaped kitchen with floating shelves,,https://www.designcafe.com/cities/interior-designers-chennai/,official,0.92,0.82,,2026-04-06T01:29:07.423772
A dual-tone kitchen with a breakfast counter,,,A dual-tone kitchen with a breakfast counter,,https://www.designcafe.com/cities/interior-designers-chennai/,official,0.92,0.82,,2026-04-06T01:29:07.423772
Meet Our Kitchen Experts,,,Meet Our Kitchen Experts,,https://www.designcafe.com/cities/interior-designers-chennai/,official,0.92,0.82,,2026-04-06T01:29:07.423772
Bedroom Interiors In Chennai For Comfort And Style,,,Bedroom Interiors In Chennai For Comfort And Style,,https://www.designcafe.com/cities/interior-designers-chennai/,official,0.92,0.82,,2026-04-06T01:29:07.423772
A bedroom with a study-cum-vanity unit A bedroom with a bay window sto,,,A bedroom with a study-cum-vanity unit A bedroom with a bay window storage bench A bedroom with a wardrobe and dressing unit A bedroom with a study-cum-vanity unit A bedroom with a,,https://www.designcafe.com/cities/interior-designers-chennai/,official,0.92,0.82,,2026-04-06T01:29:07.423772
A bedroom with a study-cum-vanity unit,,,A bedroom with a study-cum-vanity unit,,https://www.designcafe.com/cities/interior-designers-chennai/,official,0.92,0.82,,2026-04-06T01:29:07.423772
A bedroom with a bay window storage bench,,,A bedroom with a bay window storage bench,,https://www.designcafe.com/cities/interior-designers-chennai/,official,0.92,0.82,,2026-04-06T01:29:07.423772
A bedroom with a wardrobe and dressing unit,,,A bedroom with a wardrobe and dressing unit,,https://www.designcafe.com/cities/interior-designers-chennai/,official,0.92,0.82,,2026-04-06T01:29:07.423772
Meet Our Designer,,,Meet Our Designer,,https://www.designcafe.com/cities/interior-designers-chennai/,official,0.92,0.82,,2026-04-06T01:29:07.423772
Living Room Interiors For A Fabulous First Impression,,,Living Room Interiors For A Fabulous First Impression,,https://www.designcafe.com/cities/interior-designers-chennai/,official,0.92,0.82,,2026-04-06T01:29:07.423772
A living room with a TV unit and book cabinet A living room with a fre,,,A living room with a TV unit and book cabinet A living room with a free-standing bookshelf A living room with a pooja mandir unit A living room with a TV unit and book cabinet A li,,https://www.designcafe.com/cities/interior-designers-chennai/,official,0.92,0.82,,2026-04-06T01:29:07.423772
A living room with a TV unit and book cabinet,,,A living room with a TV unit and book cabinet,,https://www.designcafe.com/cities/interior-designers-chennai/,official,0.92,0.82,,2026-04-06T01:29:07.423772
A living room with a free-standing bookshelf,,,A living room with a free-standing bookshelf,,https://www.designcafe.com/cities/interior-designers-chennai/,official,0.92,0.82,,2026-04-06T01:29:07.423772
A living room with a pooja mandir unit,,,A living room with a pooja mandir unit,,https://www.designcafe.com/cities/interior-designers-chennai/,official,0.92,0.82,,2026-04-06T01:29:07.423772
Book A Free Consultation,,,Book A Free Consultation,,https://www.designcafe.com/cities/interior-designers-chennai/,official,0.92,0.82,,2026-04-06T01:29:07.423772
Space-Saving Designs In Chennai With 20% Extra Storage,,,Space-Saving Designs In Chennai With 20% Extra Storage,,https://www.designcafe.com/cities/interior-designers-chennai/,official,0.92,0.82,,2026-04-06T01:29:07.423772
A sleek and spacious crockery unit A wall-mounted pooja mandir unit A,,,A sleek and spacious crockery unit A wall-mounted pooja mandir unit A foyer unit with seating and storage A TV unit with hidden storage A bookshelf with concealed storage A sleek a,,https://www.designcafe.com/cities/interior-designers-chennai/,official,0.92,0.82,,2026-04-06T01:29:07.423772
A sleek and spacious crockery unit,,,A sleek and spacious crockery unit,,https://www.designcafe.com/cities/interior-designers-chennai/,official,0.92,0.82,,2026-04-06T01:29:07.423772
A wall-mounted pooja mandir unit,,,A wall-mounted pooja mandir unit,,https://www.designcafe.com/cities/interior-designers-chennai/,official,0.92,0.82,,2026-04-06T01:29:07.423772
A foyer unit with seating and storage,,,A foyer unit with seating and storage,,https://www.designcafe.com/cities/interior-designers-chennai/,official,0.92,0.82,,2026-04-06T01:29:07.423772
A TV unit with hidden storage,,,A TV unit with hidden storage,,https://www.designcafe.com/cities/interior-designers-chennai/,official,0.92,0.82,,2026-04-06T01:29:07.423772
A bookshelf with concealed storage,,,A bookshelf with concealed storage,,https://www.designcafe.com/cities/interior-designers-chennai/,official,0.92,0.82,,2026-04-06T01:29:07.423772
Talk To Our Space Saving Experts Today!,,,Talk To Our Space Saving Experts Today!,,https://www.designcafe.com/cities/interior-designers-chennai/,official,0.92,0.82,,2026-04-06T01:29:07.423772
Your Dream Home Is 3 Simple Steps Away!,,,Your Dream Home Is 3 Simple Steps Away!,,https://www.designcafe.com/cities/interior-designers-chennai/,official,0.92,0.82,,2026-04-06T01:29:07.423772
Book A Free Design Consultation See Your Designs In 3D Move Into Your,,,Book A Free Design Consultation See Your Designs In 3D Move Into Your New Home,,https://www.designcafe.com/cities/interior-designers-chennai/,official,0.92,0.82,,2026-04-06T01:29:07.423772
Take the First Step!,,,Take the First Step!,,https://www.designcafe.com/cities/interior-designers-chennai/,official,0.92,0.82,,2026-04-06T01:29:07.423772
Latest Home Interior Projects In Chennai,,,Latest Home Interior Projects In Chennai,,https://www.designcafe.com/cities/interior-designers-chennai/,official,0.92,0.82,,2026-04-06T01:29:07.423772
Aatheesh’s 3 BHK Home In Chennai,,,Aatheesh’s 3 BHK Home In Chennai,,https://www.designcafe.com/cities/interior-designers-chennai/,official,0.92,0.82,,2026-04-06T01:29:07.423772
Why Choose Our Interior Designers In Chennai?,,,Why Choose Our Interior Designers In Chennai?,,https://www.designcafe.com/cities/interior-designers-chennai/,official,0.92,0.82,,2026-04-06T01:29:07.423772
"VS CARPENTERS What you see is what you pay PRICE ""Ma'am / Sir this is",,,"VS CARPENTERS What you see is what you pay PRICE ""Ma'am / Sir this is just an estimate."" We take our commitments seriously DELIVERY The louder you shout, the faster it comes! We ar",,https://www.designcafe.com/cities/interior-designers-chennai/,official,0.92,0.82,,2026-04-06T01:29:07.423772
VS CARPENTERS,,,VS CARPENTERS,,https://www.designcafe.com/cities/interior-designers-chennai/,official,0.92,0.82,,2026-04-06T01:29:07.423772
CARPENTERS,,,CARPENTERS,,https://www.designcafe.com/cities/interior-designers-chennai/,official,0.92,0.82,,2026-04-06T01:29:07.423772
"What you see is what you pay PRICE ""Ma'am / Sir this is just an estima",,,"What you see is what you pay PRICE ""Ma'am / Sir this is just an estimate.""",,https://www.designcafe.com/cities/interior-designers-chennai/,official,0.92,0.82,,2026-04-06T01:29:07.423772
What you see is what you pay,,,What you see is what you pay,,https://www.designcafe.com/cities/interior-designers-chennai/,official,0.92,0.82,,2026-04-06T01:29:07.423772
"""Ma'am / Sir this is just an estimate.""",,,"""Ma'am / Sir this is just an estimate.""",,https://www.designcafe.com/cities/interior-designers-chennai/,official,0.92,0.82,,2026-04-06T01:29:07.423772
"We take our commitments seriously DELIVERY The louder you shout, the f",,,"We take our commitments seriously DELIVERY The louder you shout, the faster it comes!",,https://www.designcafe.com/cities/interior-designers-chennai/,official,0.92,0.82,,2026-04-06T01:29:07.423772
We take our commitments seriously,,,We take our commitments seriously,,https://www.designcafe.com/cities/interior-designers-chennai/,official,0.92,0.82,,2026-04-06T01:29:07.423772
"The louder you shout, the faster it comes!",,,"The louder you shout, the faster it comes!",,https://www.designcafe.com/cities/interior-designers-chennai/,official,0.92,0.82,,2026-04-06T01:29:07.423772
We are with you from design to installation PROJECT MANAGEMENT Frequen,,,We are with you from design to installation PROJECT MANAGEMENT Frequently missing in action,,https://www.designcafe.com/cities/interior-designers-chennai/,official,0.92,0.82,,2026-04-06T01:29:07.423772
We are with you from design to installation,,,We are with you from design to installation,,https://www.designcafe.com/cities/interior-designers-chennai/,official,0.92,0.82,,2026-04-06T01:29:07.423772
Frequently missing in action,,,Frequently missing in action,,https://www.designcafe.com/cities/interior-designers-chennai/,official,0.92,0.82,,2026-04-06T01:29:07.423772
We give you designs based on your likes and ideas DESIGN Reliant on yo,,,We give you designs based on your likes and ideas DESIGN Reliant on your images & rough sketches,,https://www.designcafe.com/cities/interior-designers-chennai/,official,0.92,0.82,,2026-04-06T01:29:07.423772
We give you designs based on your likes and ideas,,,We give you designs based on your likes and ideas,,https://www.designcafe.com/cities/interior-designers-chennai/,official,0.92,0.82,,2026-04-06T01:29:07.423772
Reliant on your images & rough sketches,,,Reliant on your images & rough sketches,,https://www.designcafe.com/cities/interior-designers-chennai/,official,0.92,0.82,,2026-04-06T01:29:07.423772
High quality materials & reputed global suppliers MATERIALS & FITTINGS,,,High quality materials & reputed global suppliers MATERIALS & FITTINGS Low quality materials & unknown suppliers,,https://www.designcafe.com/cities/interior-designers-chennai/,official,0.92,0.82,,2026-04-06T01:29:07.423772
High quality materials & reputed global suppliers,,,High quality materials & reputed global suppliers,,https://www.designcafe.com/cities/interior-designers-chennai/,official,0.92,0.82,,2026-04-06T01:29:07.423772
Low quality materials & unknown suppliers,,,Low quality materials & unknown suppliers,,https://www.designcafe.com/cities/interior-designers-chennai/,official,0.92,0.82,,2026-04-06T01:29:07.423772
Our Happiness Manager is always in touch with you PROJECT UPDATES You,,,Our Happiness Manager is always in touch with you PROJECT UPDATES You need to constantly follow-up,,https://www.designcafe.com/cities/interior-designers-chennai/,official,0.92,0.82,,2026-04-06T01:29:07.423772
Our Happiness Manager is always in touch with you,,,Our Happiness Manager is always in touch with you,,https://www.designcafe.com/cities/interior-designers-chennai/,official,0.92,0.82,,2026-04-06T01:29:07.423772
You need to constantly follow-up,,,You need to constantly follow-up,,https://www.designcafe.com/cities/interior-designers-chennai/,official,0.92,0.82,,2026-04-06T01:29:07.423772
Up To 25-Year Warranty WARRANTY Informal & untraceable post-service,,,Up To 25-Year Warranty WARRANTY Informal & untraceable post-service,,https://www.designcafe.com/cities/interior-designers-chennai/,official,0.92,0.82,,2026-04-06T01:29:07.423772
Up To 25-Year Warranty,,,Up To 25-Year Warranty,,https://www.designcafe.com/cities/interior-designers-chennai/,official,0.92,0.82,,2026-04-06T01:29:07.423772
Informal & untraceable post-service,,,Informal & untraceable post-service,,https://www.designcafe.com/cities/interior-designers-chennai/,official,0.92,0.82,,2026-04-06T01:29:07.423772
"A wide range of designs to suit every style & budget CATALOGUE ""Madam",,,"A wide range of designs to suit every style & budget CATALOGUE ""Madam aaj kal yahi chalta hain""",,https://www.designcafe.com/cities/interior-designers-chennai/,official,0.92,0.82,,2026-04-06T01:29:07.423772
A wide range of designs to suit every style & budget,,,A wide range of designs to suit every style & budget,,https://www.designcafe.com/cities/interior-designers-chennai/,official,0.92,0.82,,2026-04-06T01:29:07.423772
"""Madam aaj kal yahi chalta hain""",,,"""Madam aaj kal yahi chalta hain""",,https://www.designcafe.com/cities/interior-designers-chennai/,official,0.92,0.82,,2026-04-06T01:29:07.423772
"Our 15,000+ Happy Customers",,,"Our 15,000+ Happy Customers",,https://www.designcafe.com/cities/interior-designers-chennai/,official,0.92,0.82,,2026-04-06T01:29:07.423772
“ DesignCafe did an amazing job from design to installation! Designer,,,“ DesignCafe did an amazing job from design to installation! Designer Frediczen Mathew and Project Manager ManiKandan were highly supportive and attentive. A stellar experience ove,,https://www.designcafe.com/cities/interior-designers-chennai/,official,0.92,0.82,,2026-04-06T01:29:07.423772
“ I'm thrilled with our modular kitchen and room project! Project Mana,,,“ I'm thrilled with our modular kitchen and room project! Project Manager Manikandan and Santhosh were attentive and completed everything on time. Grateful for their excellent supp,,https://www.designcafe.com/cities/interior-designers-chennai/,official,0.92,0.82,,2026-04-06T01:29:07.423772
“ Huge thanks to Mr Manigandan and Santhosh for their outstanding effo,,,“ Huge thanks to Mr Manigandan and Santhosh for their outstanding efforts on our house interior and modular kitchen! Designer Mr Mathi listened to our needs and delivered amazing r,,https://www.designcafe.com/cities/interior-designers-chennai/,official,0.92,0.82,,2026-04-06T01:29:07.423772
"“ Ezhumalai, our Project Manager, was friendly and dedicated, completi",,,"“ Ezhumalai, our Project Manager, was friendly and dedicated, completing the work on time and addressing all our concerns. Great collaboration with such a professional team. Thank",,https://www.designcafe.com/cities/interior-designers-chennai/,official,0.92,0.82,,2026-04-06T01:29:07.423772
Our Interior Design Solutions In Chennai Cover All Your Needs,,,Our Interior Design Solutions In Chennai Cover All Your Needs,,https://www.designcafe.com/cities/interior-designers-chennai/,official,0.92,0.82,,2026-04-06T01:29:07.423772
"Living/Dining Room TV Unit, TV Back Panelling, Crockery Unit, Bar Unit",,,"Living/Dining Room TV Unit, TV Back Panelling, Crockery Unit, Bar Unit, Bookshelf Bedroom Wardrobes, TV Unit, Bed with Storage, Dressing Unit, Study Unit Kitchen Countertops, Backs",,https://www.designcafe.com/cities/interior-designers-chennai/,official,0.92,0.82,,2026-04-06T01:29:07.423772
Get Free Estimates,,,Get Free Estimates,,https://www.designcafe.com/cities/interior-designers-chennai/,official,0.92,0.82,,2026-04-06T01:29:07.423772
Explore 51040 Interior Design Possibilities At Our Chennai Stores,,,Explore 51040 Interior Design Possibilities At Our Chennai Stores,,https://www.designcafe.com/cities/interior-designers-chennai/,official,0.92,0.82,,2026-04-06T01:29:07.423772
Meet Our Expert Interior Designers Who Transform Chennai Homes,,,"Meet Our Expert Interior Designers Who Transform Chennai Homes Meet Our Designers 400+ Designers Magic corner units, D-carousels, lift-up shutters, wall units, janitor units, TV cu",,https://www.designcafe.com/cities/interior-designers-chennai/,official,0.92,0.82,,2026-04-06T01:29:07.423772
Meet A Design Expert Today!,,,"400+ Designers Magic corner units, D-carousels, lift-up shutters, wall units, janitor units, TV cum study units, pooja units, and more... Ever wondered what the best interior desig",,https://www.designcafe.com/cities/interior-designers-chennai/,official,0.92,0.82,,2026-04-06T01:29:07.423772
Meet Our Expert Interior Designers Who Transform Chennai Homes Meet Ou,,,Meet Our Expert Interior Designers Who Transform Chennai Homes Meet Our Designers,,https://www.designcafe.com/cities/interior-designers-chennai/,official,0.92,0.82,,2026-04-06T01:29:07.423772
Award Winning Interior Designers In Chennai,,,Award Winning Interior Designers In Chennai 50+ Awards For Innovative Designs,,https://www.designcafe.com/cities/interior-designers-chennai/,official,0.92,0.82,,2026-04-06T01:29:07.423772
Hiring an interior designer in Chennai is crucial when transforming yo,,,Hiring an interior designer in Chennai is crucial when transforming your home into a functional and aesthetically pleasing space. Interior designers focus on creating spaces that a,,https://www.designcafe.com/cities/interior-designers-chennai/,official,0.92,0.82,,2026-04-06T01:29:07.423772
How much do interior designers charge in Chennai?,,,How much do interior designers charge in Chennai? Interior design charges depend on several factors. The more premium your interior design theme is the more you will have to pay. I,,https://www.designcafe.com/cities/interior-designers-chennai/,official,0.92,0.82,,2026-04-06T01:29:07.423772
1 BHK,,,"Interior design charges depend on several factors. The more premium your interior design theme is the more you will have to pay. In contrast, a minimalistic interior design theme m",,https://www.designcafe.com/cities/interior-designers-chennai/,official,0.92,0.82,,2026-04-06T01:29:07.423772
What is the most popular interior design style in Chennai?,,,What is the most popular interior design style in Chennai? Chennai’s unique blend of traditional and modern design elements creates an aesthetic that reflects both the city’s cultu,,https://www.designcafe.com/cities/interior-designers-chennai/,official,0.92,0.82,,2026-04-06T01:29:07.423772
Modern Meets Tradition –,,,Chennai’s unique blend of traditional and modern design elements creates an aesthetic that reflects both the city’s cultural heritage and contemporary lifestyle. This fusion is ref,,https://www.designcafe.com/cities/interior-designers-chennai/,official,0.92,0.82,,2026-04-06T01:29:07.423772
What are some low-budget interior design ideas in Chennai homes?,,,"What are some low-budget interior design ideas in Chennai homes? When it comes to home interiors, you can play around with your budget if you follow the proper steps. Here are some",,https://www.designcafe.com/cities/interior-designers-chennai/,official,0.92,0.82,,2026-04-06T01:29:07.423772
"When it comes to home interiors, you can play around with your budget",,,"When it comes to home interiors, you can play around with your budget if you follow the proper steps. Here are some low-budget interiors in Chennai homes. Minimalistic interiors wi",,https://www.designcafe.com/cities/interior-designers-chennai/,official,0.92,0.82,,2026-04-06T01:29:07.423772
Can I meet my interior designer at the Chennai Experience Centre?,,,"Can I meet my interior designer at the Chennai Experience Centre? Yes, you can meet DesignCafe’s interior designers at the Chennai Experience Centre. From living room setups to mod",,https://www.designcafe.com/cities/interior-designers-chennai/,official,0.92,0.82,,2026-04-06T01:29:07.423772
"Yes, you can meet DesignCafe’s interior designers at the Chennai Exper",,,"Yes, you can meet DesignCafe’s interior designers at the Chennai Experience Centre. From living room setups to modular kitchen interiors–the centre brings together several design s",,https://www.designcafe.com/cities/interior-designers-chennai/,official,0.92,0.82,,2026-04-06T01:29:07.423772
Modular Kitchen Designs,,,Modular Kitchen Designs,https://www.designcafe.com/interior-design/modular-kitchen-design/,https://www.designcafe.com/cities/interior-designers-chennai/,official,0.92,0.78,,2026-04-06T01:29:07.423772
Customise Your Kitchen,,,Customise Your Kitchen,https://www.designcafe.com/custom-modular-kitchens/,https://www.designcafe.com/cities/interior-designers-chennai/,official,0.92,0.78,,2026-04-06T01:29:07.423772
Wardrobe Designs,,,Wardrobe Designs,https://www.designcafe.com/interior-design/wardrobe-design/,https://www.designcafe.com/cities/interior-designers-chennai/,official,0.92,0.78,,2026-04-06T01:29:07.423772
Bedroom Designs,,,Bedroom Designs,https://www.designcafe.com/interior-design/bedroom-design/,https://www.designcafe.com/cities/interior-designers-chennai/,official,0.92,0.78,,2026-04-06T01:29:07.423772
Space Saving Designs,,,Space Saving Designs,https://www.designcafe.com/interior-design/space-saving-design/,https://www.designcafe.com/cities/interior-designers-chennai/,official,0.92,0.78,,2026-04-06T01:29:07.423772
Dining Room Designs,,,Dining Room Designs,https://www.designcafe.com/interior-design/dining-room-design/,https://www.designcafe.com/cities/interior-designers-chennai/,official,0.92,0.78,,2026-04-06T01:29:07.423772
Home Office Designs,,,Home Office Designs,https://www.designcafe.com/interior-design/home-office-design/,https://www.designcafe.com/cities/interior-designers-chennai/,official,0.92,0.78,,2026-04-06T01:29:07.423772
Kids Bedroom Designs,,,Kids Bedroom Designs,https://www.designcafe.com/interior-design/kids-bedroom-design/,https://www.designcafe.com/cities/interior-designers-chennai/,official,0.92,0.78,,2026-04-06T01:29:07.423772
Bathroom Designs,,,Bathroom Designs,https://www.designcafe.com/interior-design/bathroom-design/,https://www.designcafe.com/cities/interior-designers-chennai/,official,0.92,0.78,,2026-04-06T01:29:07.423772
Recent Projects,,,Recent Projects,https://www.designcafe.com/recent-projects-completed/,https://www.designcafe.com/cities/interior-designers-chennai/,official,0.92,0.78,,2026-04-06T01:29:07.423772
Home Interior Cost Calculator,,,Home Interior Cost Calculator,https://www.designcafe.com/home-interior-cost-calculator/,https://www.designcafe.com/cities/interior-designers-chennai/,official,0.92,0.78,,2026-04-06T01:29:07.423772
Modular Kitchen Cost Calculator,,,Modular Kitchen Cost Calculator,https://www.designcafe.com/modular-kitchen-cost-calculator/,https://www.designcafe.com/cities/interior-designers-chennai/,official,0.92,0.78,,2026-04-06T01:29:07.423772
Wardrobe Cost Calculator,,,Wardrobe Cost Calculator,https://www.designcafe.com/wardrobe-cost-calculator/,https://www.designcafe.com/cities/interior-designers-chennai/,official,0.92,0.78,,2026-04-06T01:29:07.423772
DC Signature,,,DC Signature,https://www.designcafe.com/dc-signature/,https://www.designcafe.com/cities/interior-designers-chennai/,official,0.92,0.78,,2026-04-06T01:29:07.423772
Site Services,,,Site Services,https://www.designcafe.com/site-services/,https://www.designcafe.com/cities/interior-designers-chennai/,official,0.92,0.78,,2026-04-06T01:29:07.423772
Modular Kitchen Guides,,,Modular Kitchen Guides,https://www.designcafe.com/guides/difference-between-modular-kitchen-and-civil-kitchen/,https://www.designcafe.com/cities/interior-designers-chennai/,official,0.92,0.78,,2026-04-06T01:29:07.423772
Bedroom Design Guides,,,Bedroom Design Guides,https://www.designcafe.com/guides/bedroom-interior-design-checklist/,https://www.designcafe.com/cities/interior-designers-chennai/,official,0.92,0.78,,2026-04-06T01:29:07.423772
Living Room Design Guides,,,Living Room Design Guides,https://www.designcafe.com/guides/living-room-interior-design-checklist/,https://www.designcafe.com/cities/interior-designers-chennai/,official,0.92,0.78,,2026-04-06T01:29:07.423772
Dining Room Design Guides,,,Dining Room Design Guides,https://www.designcafe.com/guides/dining-room-interior-design-ideas/,https://www.designcafe.com/cities/interior-designers-chennai/,official,0.92,0.78,,2026-04-06T01:29:07.423772
Kids Room Design Guides,,,Kids Room Design Guides,https://www.designcafe.com/guides/kids-bedroom-design-ideas/,https://www.designcafe.com/cities/interior-designers-chennai/,official,0.92,0.78,,2026-04-06T01:29:07.423772
Study Room Design Guides,,,Study Room Design Guides,https://www.designcafe.com/guides/study-room-interior-design-ideas/,https://www.designcafe.com/cities/interior-designers-chennai/,official,0.92,0.78,,2026-04-06T01:29:07.423772
Balcony Design Guides,,,Balcony Design Guides,https://www.designcafe.com/guides/how-to-design-your-balcony/,https://www.designcafe.com/cities/interior-designers-chennai/,official,0.92,0.78,,2026-04-06T01:29:07.423772
Bathroom Design Guides,,,Bathroom Design Guides,https://www.designcafe.com/guides/bathroom-interior-design-checklist/,https://www.designcafe.com/cities/interior-designers-chennai/,official,0.92,0.78,,2026-04-06T01:29:07.423772
Materials and Finishes,,,Materials and Finishes,https://www.designcafe.com/guides/materials-and-finishes-difference/,https://www.designcafe.com/cities/interior-designers-chennai/,official,0.92,0.78,,2026-04-06T01:29:07.423772
Modular Kitchen Interiors Ideas,,,Modular Kitchen Interiors Ideas,https://www.designcafe.com/blog/modular-kitchen-interiors/,https://www.designcafe.com/cities/interior-designers-chennai/,official,0.92,0.78,,2026-04-06T01:29:07.423772
Home Interior Design Ideas,,,Home Interior Design Ideas,https://www.designcafe.com/blog/home-interiors/,https://www.designcafe.com/cities/interior-designers-chennai/,official,0.92,0.78,,2026-04-06T01:29:07.423772
Bedroom Design Ideas,,,Bedroom Design Ideas,https://www.designcafe.com/blog/bedroom-interiors/,https://www.designcafe.com/cities/interior-designers-chennai/,official,0.92,0.78,,2026-04-06T01:29:07.423772
Living Room Design Ideas,,,Living Room Design Ideas,https://www.designcafe.com/blog/living-room-interiors/,https://www.designcafe.com/cities/interior-designers-chennai/,official,0.92,0.78,,2026-04-06T01:29:07.423772
Dining Room Design Ideas,,,Dining Room Design Ideas,https://www.designcafe.com/blog/dining-room-interiors/,https://www.designcafe.com/cities/interior-designers-chennai/,official,0.92,0.78,,2026-04-06T01:29:07.423772
Kids Bedroom Design Ideas,,,Kids Bedroom Design Ideas,https://www.designcafe.com/blog/kids-bedroom-interiors/,https://www.designcafe.com/cities/interior-designers-chennai/,official,0.92,0.78,,2026-04-06T01:29:07.423772
Study Room Design Ideas,,,Study Room Design Ideas,https://www.designcafe.com/blog/study-room-interiors/,https://www.designcafe.com/cities/interior-designers-chennai/,official,0.92,0.78,,2026-04-06T01:29:07.423772
Bathroom Design Ideas,,,Bathroom Design Ideas,https://www.designcafe.com/blog/bathroom-interiors/,https://www.designcafe.com/cities/interior-designers-chennai/,official,0.92,0.78,,2026-04-06T01:29:07.423772
Home Decor Ideas,,,Home Decor Ideas,https://www.designcafe.com/blog/home-decor/,https://www.designcafe.com/cities/interior-designers-chennai/,official,0.92,0.78,,2026-04-06T01:29:07.423772
Drawing Room Design Ideas,,,Drawing Room Design Ideas,https://www.designcafe.com/blog/drawing-room-interiors/,https://www.designcafe.com/cities/interior-designers-chennai/,official,0.92,0.78,,2026-04-06T01:29:07.423772
DC Home Tours,,,DC Home Tours,https://www.designcafe.com/blog/dc-home-tours/,https://www.designcafe.com/cities/interior-designers-chennai/,official,0.92,0.78,,2026-04-06T01:29:07.423772
Bhubaneswar,,,Bhubaneswar,https://www.designcafe.com/cities/interior-designers-bhubaneswar/,https://www.designcafe.com/cities/interior-designers-chennai/,official,0.92,0.78,,2026-04-06T01:29:07.423772
Gandhinagar,,,Gandhinagar,https://www.designcafe.com/cities/interior-designers-gandhinagar/,https://www.designcafe.com/cities/interior-designers-chennai/,official,0.92,0.78,,2026-04-06T01:29:07.423772
Why DesignCafe,,,Why DesignCafe,https://www.designcafe.com/why-design-cafe/,https://www.designcafe.com/cities/interior-designers-chennai/,official,0.92,0.78,,2026-04-06T01:29:07.423772
Experience Centres,,,Experience Centres,https://www.designcafe.com/experience-centre/,https://www.designcafe.com/cities/interior-designers-chennai/,official,0.92,0.78,,2026-04-06T01:29:07.423772
Refer and Earn,,,Refer and Earn,https://www.designcafe.com/refer-a-friend/,https://www.designcafe.com/cities/interior-designers-chennai/,official,0.92,0.78,,2026-04-06T01:29:07.423772
Customer Dashboard,,,Customer Dashboard,https://customer.designcafe.com/,https://www.designcafe.com/cities/interior-designers-chennai/,official,0.92,0.78,,2026-04-06T01:29:07.423772
Channel Partner Signup/Login,,,Channel Partner Signup/Login,https://channelpartner.designcafe.com/,https://www.designcafe.com/cities/interior-designers-chennai/,official,0.92,0.78,,2026-04-06T01:29:07.423772
Become A Design Partner,,,Become A Design Partner,https://partner.designcafe.com/,https://www.designcafe.com/cities/interior-designers-chennai/,official,0.92,0.78,,2026-04-06T01:29:07.423772
Become A Franchisee,,,Become A Franchisee,https://www.designcafe.com/franchisee/,https://www.designcafe.com/cities/interior-designers-chennai/,official,0.92,0.78,,2026-04-06T01:29:07.423772
Press Releases,,,Press Releases,https://www.designcafe.com/press-release/,https://www.designcafe.com/cities/interior-designers-chennai/,official,0.92,0.78,,2026-04-06T01:29:07.423772
Top Interior Design Firms in Chennai,,,"0 ratings 0% found this document useful (0 votes) 7K views 28 pages Top Interior Design Firms in Chennai This document provides information on 12 architecture, interior design and",https://www.scribd.com/user/388535328/Mohan-Aravindan,https://www.scribd.com/document/441882134/firms-list-in-chennai-docx,official,0.92,0.94,phone:expected_phone,2026-04-06T01:29:07.423772
Documents,,,Documents Art Design,https://www.scribd.com/docs,https://www.scribd.com/document/441882134/firms-list-in-chennai-docx,official,0.92,0.88,,2026-04-06T01:29:07.423772
Open navigation menu,,,"Open navigation menu Close suggestions Search Search en Change Language , English Upload Sign in Sign in Download free for 30 days",,https://www.scribd.com/document/441882134/firms-list-in-chennai-docx,official,0.92,0.82,,2026-04-06T01:29:07.423772
Back to top,,,Back to top,,https://www.scribd.com/document/441882134/firms-list-in-chennai-docx,official,0.92,0.82,,2026-04-06T01:29:07.423772
Copyright © 2026 Scribd Inc.,,,Copyright © 2026 Scribd Inc.,,https://www.scribd.com/document/441882134/firms-list-in-chennai-docx,official,0.92,0.82,,2026-04-06T01:29:07.423772
Get our free apps,,,Get our free apps,https://apps.apple.com/us/app/6448807714?mt=8&pt=298534,https://www.scribd.com/document/441882134/firms-list-in-chennai-docx,official,0.92,0.78,,2026-04-06T01:29:07.423772
Best Interior Designers in Chennai - Concept Venture,+91 9677147480,conceptventureschennai@gmail.com,,,https://www.conceptventure.in/,directory,0.62,0.88,,2026-04-06T01:29:07.423772
